#
# A fatal error has been detected by the Java Runtime Environment:
#
#  EXCEPTION_ACCESS_VIOLATION (0xc0000005) at pc=0x00007ffb35a92d86, pid=7364, tid=4952
#
# JRE version: OpenJDK Runtime Environment (21.0.3) (build 21.0.3+-12282718-b509.11)
# Java VM: OpenJDK 64-Bit Server VM (21.0.3+-12282718-b509.11, mixed mode, tiered, compressed oops, compressed class ptrs, g1 gc, windows-amd64)
# Problematic frame:
# V  [jvm.dll+0x852d86]
#
# No core dump will be written. Minidumps are not enabled by default on client versions of Windows
#
# If you would like to submit a bug report, please visit:
#   https://youtrack.jetbrains.com/issues/JBR
#

---------------  S U M M A R Y ------------

Command Line: --add-opens=java.base/java.util=ALL-UNNAMED --add-opens=java.base/java.lang=ALL-UNNAMED --add-opens=java.base/java.lang.invoke=ALL-UNNAMED --add-opens=java.prefs/java.util.prefs=ALL-UNNAMED --add-exports=jdk.compiler/com.sun.tools.javac.api=ALL-UNNAMED --add-exports=jdk.compiler/com.sun.tools.javac.util=ALL-UNNAMED --add-opens=java.base/java.nio.charset=ALL-UNNAMED --add-opens=java.base/java.net=ALL-UNNAMED --add-opens=java.base/java.util.concurrent.atomic=ALL-UNNAMED -Xmx2048M -Dfile.encoding=UTF-8 -Duser.country=IN -Duser.language=en -Duser.variant -javaagent:C:\Users\Bhushan\.gradle\wrapper\dists\gradle-8.9-bin\90cnw93cvbtalezasaz0blq0a\gradle-8.9\lib\agents\gradle-instrumentation-agent-8.9.jar org.gradle.launcher.daemon.bootstrap.GradleDaemon 8.9

Host: Intel(R) Core(TM) i5-8265U CPU @ 1.60GHz, 8 cores, 15G,  Windows 11 , 64 bit Build 26100 (10.0.26100.3323)
Time: Wed Mar 26 18:03:54 2025 India Standard Time elapsed time: 907.744805 seconds (0d 0h 15m 7s)

---------------  T H R E A D  ---------------

Current thread (0x0000018bff5c2080):  JavaThread "Daemon worker Thread 2"        [_thread_in_vm, id=4952, stack(0x0000007ae7d00000,0x0000007ae7e00000) (1024K)]

Stack: [0x0000007ae7d00000,0x0000007ae7e00000],  sp=0x0000007ae7df52f0,  free space=980k
Native frames: (J=compiled Java code, j=interpreted, Vv=VM code, C=native code)
V  [jvm.dll+0x852d86]
V  [jvm.dll+0x1e284d]
V  [jvm.dll+0x1e270e]
V  [jvm.dll+0x671cd8]
V  [jvm.dll+0x671b12]
V  [jvm.dll+0x66fd7e]
V  [jvm.dll+0x279a26]
V  [jvm.dll+0x72187a]
V  [jvm.dll+0x7223bf]
V  [jvm.dll+0x3bffcb]
V  [jvm.dll+0x46b330]
V  [jvm.dll+0x47e2d6]
C  [java.dll+0x1657]

Java frames: (J=compiled Java code, j=interpreted, Vv=VM code)
J 2474  java.lang.ClassLoader.defineClass0(Ljava/lang/ClassLoader;Ljava/lang/Class;Ljava/lang/String;[BIILjava/security/ProtectionDomain;ZILjava/lang/Object;)Ljava/lang/Class; java.base@21.0.3 (0 bytes) @ 0x0000018bea14b934 [0x0000018bea14b840+0x00000000000000f4]
J 2473 c1 java.lang.System$2.defineClass(Ljava/lang/ClassLoader;Ljava/lang/Class;Ljava/lang/String;[BLjava/security/ProtectionDomain;ZILjava/lang/Object;)Ljava/lang/Class; java.base@21.0.3 (21 bytes) @ 0x0000018be2a2de74 [0x0000018be2a2ddc0+0x00000000000000b4]
J 2472 c1 java.lang.invoke.MethodHandles$Lookup$ClassDefiner.defineClass(ZLjava/lang/Object;)Ljava/lang/Class; java.base@21.0.3 (213 bytes) @ 0x0000018be2a2c3cc [0x0000018be2a2bf00+0x00000000000004cc]
J 11774 c1 java.lang.invoke.MethodHandles$Lookup$ClassDefiner.defineClass(Z)Ljava/lang/Class; java.base@21.0.3 (7 bytes) @ 0x0000018be371cf5c [0x0000018be371cec0+0x000000000000009c]
j  java.lang.invoke.MethodHandles$Lookup.defineClass([B)Ljava/lang/Class;+36 java.base@21.0.3
J 4503 c2 java.lang.invoke.DirectMethodHandle$Holder.invokeSpecial(Ljava/lang/Object;Ljava/lang/Object;Ljava/lang/Object;)Ljava/lang/Object; java.base@21.0.3 (15 bytes) @ 0x0000018bea2a3e5c [0x0000018bea2a3e20+0x000000000000003c]
J 12195 c1 java.lang.invoke.LambdaForm$MH+0x000000010011d000.invoke(Ljava/lang/Object;Ljava/lang/Object;Ljava/lang/Object;)Ljava/lang/Object; java.base@21.0.3 (56 bytes) @ 0x0000018be3813674 [0x0000018be3812f20+0x0000000000000754]
J 10493 c2 java.lang.reflect.Method.invoke(Ljava/lang/Object;[Ljava/lang/Object;)Ljava/lang/Object; java.base@21.0.3 (108 bytes) @ 0x0000018bea608220 [0x0000018bea607940+0x00000000000008e0]
j  com.android.build.gradle.internal.dsl.decorator.DslDecorator.lookupDefineClass(Ljava/lang/Class;[B)Ljava/lang/Class;+62
j  com.android.build.gradle.internal.dsl.decorator.DslDecorator.defineClass(Ljava/lang/Class;[B)Ljava/lang/Class;+12
j  com.android.build.gradle.internal.dsl.decorator.DslDecorator.decorateDslClassImpl$gradle_core(Ljava/lang/Class;)Ljava/lang/Class;+967
j  com.android.build.gradle.internal.dsl.decorator.DslDecorator$cache$1.load(Ljava/lang/Class;)Ljava/lang/Class;+16
j  com.android.build.gradle.internal.dsl.decorator.DslDecorator$cache$1.load(Ljava/lang/Object;)Ljava/lang/Object;+5
j  com.google.common.cache.LocalCache$LoadingValueReference.loadFuture(Ljava/lang/Object;Lcom/google/common/cache/CacheLoader;)Lcom/google/common/util/concurrent/ListenableFuture;+24
j  com.google.common.cache.LocalCache$Segment.loadSync(Ljava/lang/Object;ILcom/google/common/cache/LocalCache$LoadingValueReference;Lcom/google/common/cache/CacheLoader;)Ljava/lang/Object;+4
j  com.google.common.cache.LocalCache$Segment.lockedGetOrLoad(Ljava/lang/Object;ILcom/google/common/cache/CacheLoader;)Ljava/lang/Object;+393
j  com.google.common.cache.LocalCache$Segment.get(Ljava/lang/Object;ILcom/google/common/cache/CacheLoader;)Ljava/lang/Object;+138
j  com.google.common.cache.LocalCache.get(Ljava/lang/Object;Lcom/google/common/cache/CacheLoader;)Ljava/lang/Object;+17
j  com.google.common.cache.LocalCache.getOrLoad(Ljava/lang/Object;)Ljava/lang/Object;+6
j  com.google.common.cache.LocalCache$LocalLoadingCache.get(Ljava/lang/Object;)Ljava/lang/Object;+5
j  com.android.build.gradle.internal.dsl.decorator.DslDecorator.decorate(Ljava/lang/Class;)Ljava/lang/Class;+12
j  com.android.build.gradle.internal.services.DslServicesImpl.newDecoratedInstance(Ljava/lang/Class;[Ljava/lang/Object;)Ljava/lang/Object;+17
j  com.android.build.gradle.internal.dsl.BundleOptionsCodeTransparency$AgpDecorated.<init>(Lcom/android/build/gradle/internal/services/DslServices;)V+16
j  com.android.build.gradle.internal.dsl.BundleOptionsCodeTransparency$AgpDecorated_Decorated.<init>(Lcom/android/build/gradle/internal/services/DslServices;)V+2
J 4642 c2 java.lang.invoke.DirectMethodHandle$Holder.newInvokeSpecial(Ljava/lang/Object;Ljava/lang/Object;)Ljava/lang/Object; java.base@21.0.3 (21 bytes) @ 0x0000018bea2b6978 [0x0000018bea2b6840+0x0000000000000138]
J 13762 c2 java.lang.invoke.LambdaForm$MH+0x00000001000dc000.invoke(Ljava/lang/Object;Ljava/lang/Object;)Ljava/lang/Object; java.base@21.0.3 (35 bytes) @ 0x0000018bea0a7158 [0x0000018bea0a70c0+0x0000000000000098]
J 10872 c2 jdk.internal.reflect.DirectConstructorHandleAccessor.newInstance([Ljava/lang/Object;)Ljava/lang/Object; java.base@21.0.3 (130 bytes) @ 0x0000018bea2e7a2c [0x0000018bea2e78c0+0x000000000000016c]
J 6322 c2 java.lang.reflect.Constructor.newInstanceWithCaller([Ljava/lang/Object;ZLjava/lang/Class;)Ljava/lang/Object; java.base@21.0.3 (51 bytes) @ 0x0000018bea27f1ac [0x0000018bea27f140+0x000000000000006c]
J 11697 c1 org.gradle.internal.instantiation.generator.AsmBackedClassGenerator$InvokeConstructorStrategy.newInstance(Lorg/gradle/internal/service/ServiceLookup;Lorg/gradle/internal/instantiation/InstanceGenerator;Lorg/gradle/api/Describable;[Ljava/lang/Object;)Ljava/lang/Object; (66 bytes) @ 0x0000018be36eed84 [0x0000018be36ee4a0+0x00000000000008e4]
J 9371 c1 org.gradle.internal.instantiation.generator.AbstractClassGenerator$GeneratedClassImpl$GeneratedConstructorImpl.newInstance(Lorg/gradle/internal/service/ServiceLookup;Lorg/gradle/internal/instantiation/InstanceGenerator;Lorg/gradle/api/Describable;[Ljava/lang/Object;)Ljava/lang/Object; (15 bytes) @ 0x0000018be2589ec4 [0x0000018be2589dc0+0x0000000000000104]
J 9370 c1 org.gradle.internal.instantiation.generator.DependencyInjectingInstantiator.doCreate(Ljava/lang/Class;Lorg/gradle/api/Describable;[Ljava/lang/Object;)Ljava/lang/Object; (64 bytes) @ 0x0000018be258a4fc [0x0000018be258a320+0x00000000000001dc]
J 9369 c1 org.gradle.internal.instantiation.generator.DependencyInjectingInstantiator.newInstance(Ljava/lang/Class;[Ljava/lang/Object;)Ljava/lang/Object; (8 bytes) @ 0x0000018be2d7f94c [0x0000018be2d7f8c0+0x000000000000008c]
j  org.gradle.api.internal.model.DefaultObjectFactory.newInstance(Ljava/lang/Class;[Ljava/lang/Object;)Ljava/lang/Object;+6
j  com.android.build.gradle.internal.services.BaseServicesImpl.newInstance(Ljava/lang/Class;[Ljava/lang/Object;)Ljava/lang/Object;+26
j  com.android.build.gradle.internal.services.DslServicesImpl.newDecoratedInstance(Ljava/lang/Class;[Ljava/lang/Object;)Ljava/lang/Object;+26
j  com.android.build.gradle.internal.dsl.BundleOptions$AgpDecorated.<init>(Lcom/android/build/gradle/internal/services/DslServices;)V+16
j  com.android.build.gradle.internal.dsl.BundleOptions$AgpDecorated_Decorated.<init>(Lcom/android/build/gradle/internal/services/DslServices;)V+2
J 4642 c2 java.lang.invoke.DirectMethodHandle$Holder.newInvokeSpecial(Ljava/lang/Object;Ljava/lang/Object;)Ljava/lang/Object; java.base@21.0.3 (21 bytes) @ 0x0000018bea2b6978 [0x0000018bea2b6840+0x0000000000000138]
J 13762 c2 java.lang.invoke.LambdaForm$MH+0x00000001000dc000.invoke(Ljava/lang/Object;Ljava/lang/Object;)Ljava/lang/Object; java.base@21.0.3 (35 bytes) @ 0x0000018bea0a7158 [0x0000018bea0a70c0+0x0000000000000098]
J 10872 c2 jdk.internal.reflect.DirectConstructorHandleAccessor.newInstance([Ljava/lang/Object;)Ljava/lang/Object; java.base@21.0.3 (130 bytes) @ 0x0000018bea2e7a2c [0x0000018bea2e78c0+0x000000000000016c]
J 6322 c2 java.lang.reflect.Constructor.newInstanceWithCaller([Ljava/lang/Object;ZLjava/lang/Class;)Ljava/lang/Object; java.base@21.0.3 (51 bytes) @ 0x0000018bea27f1ac [0x0000018bea27f140+0x000000000000006c]
J 11697 c1 org.gradle.internal.instantiation.generator.AsmBackedClassGenerator$InvokeConstructorStrategy.newInstance(Lorg/gradle/internal/service/ServiceLookup;Lorg/gradle/internal/instantiation/InstanceGenerator;Lorg/gradle/api/Describable;[Ljava/lang/Object;)Ljava/lang/Object; (66 bytes) @ 0x0000018be36eed84 [0x0000018be36ee4a0+0x00000000000008e4]
J 9371 c1 org.gradle.internal.instantiation.generator.AbstractClassGenerator$GeneratedClassImpl$GeneratedConstructorImpl.newInstance(Lorg/gradle/internal/service/ServiceLookup;Lorg/gradle/internal/instantiation/InstanceGenerator;Lorg/gradle/api/Describable;[Ljava/lang/Object;)Ljava/lang/Object; (15 bytes) @ 0x0000018be2589ec4 [0x0000018be2589dc0+0x0000000000000104]
J 9370 c1 org.gradle.internal.instantiation.generator.DependencyInjectingInstantiator.doCreate(Ljava/lang/Class;Lorg/gradle/api/Describable;[Ljava/lang/Object;)Ljava/lang/Object; (64 bytes) @ 0x0000018be258a4fc [0x0000018be258a320+0x00000000000001dc]
J 9369 c1 org.gradle.internal.instantiation.generator.DependencyInjectingInstantiator.newInstance(Ljava/lang/Class;[Ljava/lang/Object;)Ljava/lang/Object; (8 bytes) @ 0x0000018be2d7f94c [0x0000018be2d7f8c0+0x000000000000008c]
j  org.gradle.api.internal.model.DefaultObjectFactory.newInstance(Ljava/lang/Class;[Ljava/lang/Object;)Ljava/lang/Object;+6
j  com.android.build.gradle.internal.services.BaseServicesImpl.newInstance(Ljava/lang/Class;[Ljava/lang/Object;)Ljava/lang/Object;+26
j  com.android.build.gradle.internal.services.DslServicesImpl.newDecoratedInstance(Ljava/lang/Class;[Ljava/lang/Object;)Ljava/lang/Object;+26
j  com.android.build.gradle.internal.dsl.ApplicationExtensionImpl$AgpDecorated.<init>(Lcom/android/build/gradle/internal/services/DslServices;Lcom/android/build/gradle/internal/plugins/DslContainerProvider;)V+195
j  com.android.build.gradle.internal.dsl.ApplicationExtensionImpl$AgpDecorated_Decorated.<init>(Lcom/android/build/gradle/internal/services/DslServices;Lcom/android/build/gradle/internal/plugins/DslContainerProvider;)V+3
J 5262 c2 java.lang.invoke.DirectMethodHandle$Holder.newInvokeSpecial(Ljava/lang/Object;Ljava/lang/Object;Ljava/lang/Object;)Ljava/lang/Object; java.base@21.0.3 (24 bytes) @ 0x0000018bea08f800 [0x0000018bea08f6c0+0x0000000000000140]
J 11634 c1 java.lang.invoke.LambdaForm$MH+0x0000000100124400.invoke(Ljava/lang/Object;Ljava/lang/Object;Ljava/lang/Object;)Ljava/lang/Object; java.base@21.0.3 (56 bytes) @ 0x0000018be36c87f4 [0x0000018be36c80a0+0x0000000000000754]
J 10872 c2 jdk.internal.reflect.DirectConstructorHandleAccessor.newInstance([Ljava/lang/Object;)Ljava/lang/Object; java.base@21.0.3 (130 bytes) @ 0x0000018bea2e7b3c [0x0000018bea2e78c0+0x000000000000027c]
J 6322 c2 java.lang.reflect.Constructor.newInstanceWithCaller([Ljava/lang/Object;ZLjava/lang/Class;)Ljava/lang/Object; java.base@21.0.3 (51 bytes) @ 0x0000018bea27f1ac [0x0000018bea27f140+0x000000000000006c]
J 11697 c1 org.gradle.internal.instantiation.generator.AsmBackedClassGenerator$InvokeConstructorStrategy.newInstance(Lorg/gradle/internal/service/ServiceLookup;Lorg/gradle/internal/instantiation/InstanceGenerator;Lorg/gradle/api/Describable;[Ljava/lang/Object;)Ljava/lang/Object; (66 bytes) @ 0x0000018be36eed84 [0x0000018be36ee4a0+0x00000000000008e4]
J 9371 c1 org.gradle.internal.instantiation.generator.AbstractClassGenerator$GeneratedClassImpl$GeneratedConstructorImpl.newInstance(Lorg/gradle/internal/service/ServiceLookup;Lorg/gradle/internal/instantiation/InstanceGenerator;Lorg/gradle/api/Describable;[Ljava/lang/Object;)Ljava/lang/Object; (15 bytes) @ 0x0000018be2589ec4 [0x0000018be2589dc0+0x0000000000000104]
J 9370 c1 org.gradle.internal.instantiation.generator.DependencyInjectingInstantiator.doCreate(Ljava/lang/Class;Lorg/gradle/api/Describable;[Ljava/lang/Object;)Ljava/lang/Object; (64 bytes) @ 0x0000018be258a4fc [0x0000018be258a320+0x00000000000001dc]
J 9369 c1 org.gradle.internal.instantiation.generator.DependencyInjectingInstantiator.newInstance(Ljava/lang/Class;[Ljava/lang/Object;)Ljava/lang/Object; (8 bytes) @ 0x0000018be2d7f94c [0x0000018be2d7f8c0+0x000000000000008c]
j  org.gradle.api.internal.model.DefaultObjectFactory.newInstance(Ljava/lang/Class;[Ljava/lang/Object;)Ljava/lang/Object;+6
j  com.android.build.gradle.internal.services.BaseServicesImpl.newInstance(Ljava/lang/Class;[Ljava/lang/Object;)Ljava/lang/Object;+26
j  com.android.build.gradle.internal.services.DslServicesImpl.newDecoratedInstance(Ljava/lang/Class;[Ljava/lang/Object;)Ljava/lang/Object;+26
j  com.android.build.gradle.internal.plugins.AppPlugin.createExtension(Lcom/android/build/gradle/internal/services/DslServices;Lcom/android/build/gradle/internal/plugins/DslContainerProvider;Lorg/gradle/api/NamedDomainObjectContainer;Lcom/android/build/gradle/internal/ExtraModelInfo;Lcom/android/build/gradle/internal/services/VersionedSdkLoaderService;)Lcom/android/build/gradle/internal/plugins/BasePlugin$ExtensionData;+15
j  com.android.build.gradle.internal.plugins.BasePlugin$extensionData$2.invoke()Lcom/android/build/gradle/internal/plugins/BasePlugin$ExtensionData;+51
j  com.android.build.gradle.internal.plugins.BasePlugin$extensionData$2.invoke()Ljava/lang/Object;+1
J 7877 c1 kotlin.SynchronizedLazyImpl.getValue()Ljava/lang/Object; (92 bytes) @ 0x0000018be3292314 [0x0000018be3291ee0+0x0000000000000434]
j  com.android.build.gradle.internal.plugins.BasePlugin.getExtensionData()Lcom/android/build/gradle/internal/plugins/BasePlugin$ExtensionData;+6
j  com.android.build.gradle.internal.plugins.BasePlugin.access$getExtensionData(Lcom/android/build/gradle/internal/plugins/BasePlugin;)Lcom/android/build/gradle/internal/plugins/BasePlugin$ExtensionData;+1
j  com.android.build.gradle.internal.plugins.BasePlugin$variantApiOperations$2.invoke()Lcom/android/build/api/extension/impl/VariantApiOperationsRegistrar;+8
j  com.android.build.gradle.internal.plugins.BasePlugin$variantApiOperations$2.invoke()Ljava/lang/Object;+1
J 7877 c1 kotlin.SynchronizedLazyImpl.getValue()Ljava/lang/Object; (92 bytes) @ 0x0000018be3292314 [0x0000018be3291ee0+0x0000000000000434]
j  com.android.build.gradle.internal.plugins.BasePlugin.getVariantApiOperations()Lcom/android/build/api/extension/impl/VariantApiOperationsRegistrar;+6
j  com.android.build.gradle.internal.plugins.BasePlugin.configureExtension(Lorg/gradle/api/Project;)V+16
j  com.android.build.gradle.internal.plugins.AndroidPluginBaseServices$basePluginApply$3.call()V+8
j  com.android.build.gradle.internal.profile.NoOpAnalyticsConfiguratorService.recordBlock(Lcom/google/wireless/android/sdk/stats/GradleBuildProfileSpan$ExecutionType;Ljava/lang/String;Ljava/lang/String;Lcom/android/builder/profile/Recorder$VoidBlock;)V+21
j  com.android.build.gradle.internal.plugins.AndroidPluginBaseServices.basePluginApply(Lorg/gradle/api/Project;Lorg/gradle/api/configuration/BuildFeatures;)V+445
j  com.android.build.gradle.internal.plugins.BasePlugin$apply$1.run()V+15
j  com.android.build.gradle.internal.crash.CrashReporting.runAction(Ljava/lang/Runnable;)V+8
j  com.android.build.gradle.internal.plugins.BasePlugin.apply(Lorg/gradle/api/Project;)V+19
j  com.android.build.gradle.internal.plugins.BasePlugin.apply(Ljava/lang/Object;)V+5
j  org.gradle.api.internal.plugins.ImperativeOnlyPluginTarget.applyImperative(Ljava/lang/String;Lorg/gradle/api/Plugin;)V+13
j  org.gradle.api.internal.plugins.RuleBasedPluginTarget.applyImperative(Ljava/lang/String;Lorg/gradle/api/Plugin;)V+6
j  org.gradle.api.internal.plugins.AddSoftwareTypesAsExtensionsPluginTarget.applyImperative(Ljava/lang/String;Lorg/gradle/api/Plugin;)V+150
j  org.gradle.api.internal.plugins.DefaultPluginManager.addPlugin(Ljava/lang/Runnable;Lorg/gradle/api/internal/plugins/PluginImplementation;Ljava/lang/String;Ljava/lang/Class;)V+54
j  org.gradle.api.internal.plugins.DefaultPluginManager.access$100(Lorg/gradle/api/internal/plugins/DefaultPluginManager;Ljava/lang/Runnable;Lorg/gradle/api/internal/plugins/PluginImplementation;Ljava/lang/String;Ljava/lang/Class;)V+6
j  org.gradle.api.internal.plugins.DefaultPluginManager$AddPluginBuildOperation.run(Lorg/gradle/internal/operations/BuildOperationContext;)V+20
j  org.gradle.internal.operations.DefaultBuildOperationRunner$1.execute(Lorg/gradle/internal/operations/RunnableBuildOperation;Lorg/gradle/internal/operations/BuildOperationContext;)V+2
j  org.gradle.internal.operations.DefaultBuildOperationRunner$1.execute(Lorg/gradle/internal/operations/BuildOperation;Lorg/gradle/internal/operations/BuildOperationContext;)V+6
J 13367 c2 org.gradle.internal.operations.DefaultBuildOperationRunner.execute(Lorg/gradle/internal/operations/BuildOperation;Lorg/gradle/internal/operations/BuildOperationWorker;Lorg/gradle/internal/operations/BuildOperationState;)V (23 bytes) @ 0x0000018bea7b1694 [0x0000018bea7b0100+0x0000000000001594]
j  org.gradle.internal.operations.DefaultBuildOperationRunner.run(Lorg/gradle/internal/operations/RunnableBuildOperation;)V+9
j  org.gradle.api.internal.plugins.DefaultPluginManager.lambda$doApply$0(Ljava/lang/Runnable;Lorg/gradle/api/internal/plugins/PluginImplementation;Ljava/lang/String;Ljava/lang/Class;Lorg/gradle/internal/code/UserCodeApplicationId;)V+20
j  org.gradle.api.internal.plugins.DefaultPluginManager$$Lambda+0x0000000100e47980.execute(Ljava/lang/Object;)V+24
j  org.gradle.internal.code.DefaultUserCodeApplicationContext.apply(Lorg/gradle/internal/code/UserCodeSource;Lorg/gradle/api/Action;)V+37
j  org.gradle.api.internal.plugins.DefaultPluginManager.doApply(Lorg/gradle/api/internal/plugins/PluginImplementation;)V+144
j  org.gradle.api.internal.plugins.DefaultPluginManager.apply(Ljava/lang/String;)V+52
j  org.gradle.api.internal.plugins.DefaultObjectConfigurationAction.applyType(Ljava/lang/String;)V+43
j  org.gradle.api.internal.plugins.DefaultObjectConfigurationAction.access$200(Lorg/gradle/api/internal/plugins/DefaultObjectConfigurationAction;Ljava/lang/String;)V+2
j  org.gradle.api.internal.plugins.DefaultObjectConfigurationAction$3.run()V+8
j  org.gradle.api.internal.plugins.DefaultObjectConfigurationAction.execute()V+58
j  org.gradle.api.internal.project.AbstractPluginAware.apply(Ljava/util/Map;)V+12
j  com.android.build.gradle.AppPlugin.apply(Lorg/gradle/api/Project;)V+15
j  com.android.build.gradle.AppPlugin.apply(Ljava/lang/Object;)V+5
j  org.gradle.api.internal.plugins.ImperativeOnlyPluginTarget.applyImperative(Ljava/lang/String;Lorg/gradle/api/Plugin;)V+13
j  org.gradle.api.internal.plugins.RuleBasedPluginTarget.applyImperative(Ljava/lang/String;Lorg/gradle/api/Plugin;)V+6
j  org.gradle.api.internal.plugins.AddSoftwareTypesAsExtensionsPluginTarget.applyImperative(Ljava/lang/String;Lorg/gradle/api/Plugin;)V+150
j  org.gradle.api.internal.plugins.DefaultPluginManager.addPlugin(Ljava/lang/Runnable;Lorg/gradle/api/internal/plugins/PluginImplementation;Ljava/lang/String;Ljava/lang/Class;)V+54
j  org.gradle.api.internal.plugins.DefaultPluginManager.access$100(Lorg/gradle/api/internal/plugins/DefaultPluginManager;Ljava/lang/Runnable;Lorg/gradle/api/internal/plugins/PluginImplementation;Ljava/lang/String;Ljava/lang/Class;)V+6
j  org.gradle.api.internal.plugins.DefaultPluginManager$AddPluginBuildOperation.run(Lorg/gradle/internal/operations/BuildOperationContext;)V+20
j  org.gradle.internal.operations.DefaultBuildOperationRunner$1.execute(Lorg/gradle/internal/operations/RunnableBuildOperation;Lorg/gradle/internal/operations/BuildOperationContext;)V+2
j  org.gradle.internal.operations.DefaultBuildOperationRunner$1.execute(Lorg/gradle/internal/operations/BuildOperation;Lorg/gradle/internal/operations/BuildOperationContext;)V+6
J 13367 c2 org.gradle.internal.operations.DefaultBuildOperationRunner.execute(Lorg/gradle/internal/operations/BuildOperation;Lorg/gradle/internal/operations/BuildOperationWorker;Lorg/gradle/internal/operations/BuildOperationState;)V (23 bytes) @ 0x0000018bea7b1694 [0x0000018bea7b0100+0x0000000000001594]
j  org.gradle.internal.operations.DefaultBuildOperationRunner.run(Lorg/gradle/internal/operations/RunnableBuildOperation;)V+9
j  org.gradle.api.internal.plugins.DefaultPluginManager.lambda$doApply$0(Ljava/lang/Runnable;Lorg/gradle/api/internal/plugins/PluginImplementation;Ljava/lang/String;Ljava/lang/Class;Lorg/gradle/internal/code/UserCodeApplicationId;)V+20
j  org.gradle.api.internal.plugins.DefaultPluginManager$$Lambda+0x0000000100e47980.execute(Ljava/lang/Object;)V+24
j  org.gradle.internal.code.DefaultUserCodeApplicationContext.apply(Lorg/gradle/internal/code/UserCodeSource;Lorg/gradle/api/Action;)V+37
j  org.gradle.api.internal.plugins.DefaultPluginManager.doApply(Lorg/gradle/api/internal/plugins/PluginImplementation;)V+144
j  org.gradle.api.internal.plugins.DefaultPluginManager.apply(Lorg/gradle/api/internal/plugins/PluginImplementation;)V+2
j  org.gradle.plugin.use.resolve.internal.ClassPathPluginResolution.applyTo(Lorg/gradle/api/internal/plugins/PluginManagerInternal;)V+5
j  org.gradle.plugin.use.internal.DefaultPluginRequestApplicator$ApplyAction.apply(Lorg/gradle/api/internal/plugins/PluginManagerInternal;)V+21
j  org.gradle.plugin.use.internal.DefaultPluginRequestApplicator.lambda$applyPlugins$1(Lorg/gradle/api/internal/plugins/PluginManagerInternal;Lorg/gradle/plugin/use/internal/DefaultPluginRequestApplicator$ApplyAction;)V+2
j  org.gradle.plugin.use.internal.DefaultPluginRequestApplicator$$Lambda+0x0000000100f2bbb8.accept(Ljava/lang/Object;)V+8
J 9151 c1 java.util.ArrayList.forEach(Ljava/util/function/Consumer;)V java.base@21.0.3 (74 bytes) @ 0x0000018be2a6a64c [0x0000018be2a6a420+0x000000000000022c]
j  org.gradle.plugin.use.internal.DefaultPluginRequestApplicator.applyPlugins(Lorg/gradle/plugin/management/internal/PluginRequests;Lorg/gradle/api/internal/initialization/ScriptHandlerInternal;Lorg/gradle/api/internal/plugins/PluginManagerInternal;Lorg/gradle/api/internal/initialization/ClassLoaderScope;)V+375
j  org.gradle.kotlin.dsl.provider.PluginRequestsHandler.handle(Lorg/gradle/plugin/management/internal/PluginRequests;Lorg/gradle/api/internal/initialization/ScriptHandlerInternal;Lorg/gradle/api/internal/plugins/PluginAwareInternal;Lorg/gradle/api/internal/initialization/ClassLoaderScope;)V+72
j  org.gradle.kotlin.dsl.provider.StandardKotlinScriptEvaluator$InterpreterHost.applyPluginsTo(Lorg/gradle/kotlin/dsl/support/KotlinScriptHost;Lorg/gradle/plugin/management/internal/PluginRequests;)V+52
j  org.gradle.kotlin.dsl.execution.Interpreter$ProgramHost.applyPluginsTo(Lorg/gradle/kotlin/dsl/support/KotlinScriptHost;Lorg/gradle/plugin/management/internal/PluginRequests;)V+21
j  Program.execute(Lorg/gradle/kotlin/dsl/execution/ExecutableProgram$Host;Lorg/gradle/kotlin/dsl/support/KotlinScriptHost;)V+38
j  org.gradle.kotlin.dsl.execution.Interpreter$ProgramHost.eval(Lorg/gradle/kotlin/dsl/execution/CompiledScript;Lorg/gradle/kotlin/dsl/support/KotlinScriptHost;)V+88
j  org.gradle.kotlin.dsl.execution.Interpreter.eval(Ljava/lang/Object;Lorg/gradle/groovy/scripts/ScriptSource;Lorg/gradle/internal/hash/HashCode;Lorg/gradle/api/initialization/dsl/ScriptHandler;Lorg/gradle/api/internal/initialization/ClassLoaderScope;Lorg/gradle/api/internal/initialization/ClassLoaderScope;ZLjava/util/EnumSet;)V+213
j  org.gradle.kotlin.dsl.provider.StandardKotlinScriptEvaluator.evaluate(Ljava/lang/Object;Lorg/gradle/groovy/scripts/ScriptSource;Lorg/gradle/api/initialization/dsl/ScriptHandler;Lorg/gradle/api/internal/initialization/ClassLoaderScope;Lorg/gradle/api/internal/initialization/ClassLoaderScope;ZLjava/util/EnumSet;)V+163
j  org.gradle.kotlin.dsl.provider.KotlinScriptPluginFactory$create$1.invoke(Ljava/lang/Object;)V+41
j  org.gradle.kotlin.dsl.provider.KotlinScriptPluginFactory$create$1.invoke(Ljava/lang/Object;)Ljava/lang/Object;+2
j  org.gradle.kotlin.dsl.provider.KotlinScriptPlugin.apply(Ljava/lang/Object;)V+22
j  org.gradle.configuration.BuildOperationScriptPlugin$1.run(Lorg/gradle/internal/operations/BuildOperationContext;)V+11
j  org.gradle.internal.operations.DefaultBuildOperationRunner$1.execute(Lorg/gradle/internal/operations/RunnableBuildOperation;Lorg/gradle/internal/operations/BuildOperationContext;)V+2
j  org.gradle.internal.operations.DefaultBuildOperationRunner$1.execute(Lorg/gradle/internal/operations/BuildOperation;Lorg/gradle/internal/operations/BuildOperationContext;)V+6
J 13367 c2 org.gradle.internal.operations.DefaultBuildOperationRunner.execute(Lorg/gradle/internal/operations/BuildOperation;Lorg/gradle/internal/operations/BuildOperationWorker;Lorg/gradle/internal/operations/BuildOperationState;)V (23 bytes) @ 0x0000018bea7b1694 [0x0000018bea7b0100+0x0000000000001594]
j  org.gradle.internal.operations.DefaultBuildOperationRunner.run(Lorg/gradle/internal/operations/RunnableBuildOperation;)V+9
j  org.gradle.configuration.BuildOperationScriptPlugin.lambda$apply$0(Ljava/lang/Object;Lorg/gradle/internal/code/UserCodeApplicationId;)V+14
j  org.gradle.configuration.BuildOperationScriptPlugin$$Lambda+0x0000000100d35708.execute(Ljava/lang/Object;)V+12
j  org.gradle.internal.code.DefaultUserCodeApplicationContext.apply(Lorg/gradle/internal/code/UserCodeSource;Lorg/gradle/api/Action;)V+37
j  org.gradle.configuration.BuildOperationScriptPlugin.apply(Ljava/lang/Object;)V+71
j  org.gradle.configuration.project.BuildScriptProcessor$$Lambda+0x0000000100e5fd20.accept(Ljava/lang/Object;)V+8
j  org.gradle.api.internal.project.DefaultProjectStateRegistry$ProjectStateImpl.lambda$applyToMutableState$1(Ljava/util/function/Consumer;Lorg/gradle/api/internal/project/ProjectInternal;)Ljava/lang/Object;+2
j  org.gradle.api.internal.project.DefaultProjectStateRegistry$ProjectStateImpl$$Lambda+0x000000010083e0d8.apply(Ljava/lang/Object;)Ljava/lang/Object;+8
j  org.gradle.api.internal.project.DefaultProjectStateRegistry$ProjectStateImpl.fromMutableState(Ljava/util/function/Function;)Ljava/lang/Object;+97
j  org.gradle.api.internal.project.DefaultProjectStateRegistry$ProjectStateImpl.applyToMutableState(Ljava/util/function/Consumer;)V+7
j  org.gradle.configuration.project.BuildScriptProcessor.execute(Lorg/gradle/api/internal/project/ProjectInternal;)V+88
j  org.gradle.configuration.project.BuildScriptProcessor.execute(Ljava/lang/Object;)V+5
j  org.gradle.configuration.project.ConfigureActionsProjectEvaluator.evaluate(Lorg/gradle/api/internal/project/ProjectInternal;Lorg/gradle/api/internal/project/ProjectStateInternal;)V+33
j  org.gradle.configuration.project.LifecycleProjectEvaluator$EvaluateProject.lambda$run$0(Lorg/gradle/internal/operations/BuildOperationContext;Lorg/gradle/api/internal/project/ProjectInternal;)V+67
j  org.gradle.configuration.project.LifecycleProjectEvaluator$EvaluateProject$$Lambda+0x0000000100e2adc0.accept(Ljava/lang/Object;)V+12
j  org.gradle.api.internal.project.DefaultProjectStateRegistry$ProjectStateImpl.lambda$applyToMutableState$1(Ljava/util/function/Consumer;Lorg/gradle/api/internal/project/ProjectInternal;)Ljava/lang/Object;+2
j  org.gradle.api.internal.project.DefaultProjectStateRegistry$ProjectStateImpl$$Lambda+0x000000010083e0d8.apply(Ljava/lang/Object;)Ljava/lang/Object;+8
j  org.gradle.api.internal.project.DefaultProjectStateRegistry$ProjectStateImpl.lambda$fromMutableState$2(Ljava/util/function/Function;)Ljava/lang/Object;+5
j  org.gradle.api.internal.project.DefaultProjectStateRegistry$ProjectStateImpl$$Lambda+0x000000010083e338.create()Ljava/lang/Object;+8
j  org.gradle.internal.work.DefaultWorkerLeaseService.withReplacedLocks(Ljava/util/Collection;Lorg/gradle/internal/resources/ResourceLock;Lorg/gradle/internal/Factory;)Ljava/lang/Object;+40
j  org.gradle.api.internal.project.DefaultProjectStateRegistry$ProjectStateImpl.fromMutableState(Ljava/util/function/Function;)Ljava/lang/Object;+132
j  org.gradle.api.internal.project.DefaultProjectStateRegistry$ProjectStateImpl.applyToMutableState(Ljava/util/function/Consumer;)V+7
j  org.gradle.configuration.project.LifecycleProjectEvaluator$EvaluateProject.run(Lorg/gradle/internal/operations/BuildOperationContext;)V+16
j  org.gradle.internal.operations.DefaultBuildOperationRunner$1.execute(Lorg/gradle/internal/operations/RunnableBuildOperation;Lorg/gradle/internal/operations/BuildOperationContext;)V+2
j  org.gradle.internal.operations.DefaultBuildOperationRunner$1.execute(Lorg/gradle/internal/operations/BuildOperation;Lorg/gradle/internal/operations/BuildOperationContext;)V+6
J 13367 c2 org.gradle.internal.operations.DefaultBuildOperationRunner.execute(Lorg/gradle/internal/operations/BuildOperation;Lorg/gradle/internal/operations/BuildOperationWorker;Lorg/gradle/internal/operations/BuildOperationState;)V (23 bytes) @ 0x0000018bea7b1694 [0x0000018bea7b0100+0x0000000000001594]
j  org.gradle.internal.operations.DefaultBuildOperationRunner.run(Lorg/gradle/internal/operations/RunnableBuildOperation;)V+9
j  org.gradle.configuration.project.LifecycleProjectEvaluator.evaluate(Lorg/gradle/api/internal/project/ProjectInternal;Lorg/gradle/api/internal/project/ProjectStateInternal;)V+42
j  org.gradle.api.internal.project.DefaultProject.evaluate()Lorg/gradle/api/internal/project/DefaultProject;+9
j  org.gradle.api.internal.project.DefaultProject.evaluate()Lorg/gradle/api/Project;+1
j  org.gradle.api.internal.project.ProjectLifecycleController.lambda$ensureSelfConfigured$2()V+4
j  org.gradle.api.internal.project.ProjectLifecycleController$$Lambda+0x0000000100e29448.run()V+4
j  org.gradle.internal.model.StateTransitionController.lambda$doTransition$14(Ljava/lang/Runnable;)Lorg/gradle/internal/build/ExecutionResult;+1
j  org.gradle.internal.model.StateTransitionController$$Lambda+0x000000010072f4e0.get()Ljava/lang/Object;+4
j  org.gradle.internal.model.StateTransitionController.doTransition(Lorg/gradle/internal/model/StateTransitionController$State;Lorg/gradle/internal/model/StateTransitionController$State;Ljava/util/function/Supplier;)Lorg/gradle/internal/build/ExecutionResult;+24
j  org.gradle.internal.model.StateTransitionController.doTransition(Lorg/gradle/internal/model/StateTransitionController$State;Lorg/gradle/internal/model/StateTransitionController$State;Ljava/lang/Runnable;)V+9
j  org.gradle.internal.model.StateTransitionController.lambda$maybeTransitionIfNotCurrentlyTransitioning$10(Lorg/gradle/internal/model/StateTransitionController$State;Lorg/gradle/internal/model/StateTransitionController$State;Ljava/lang/Runnable;)V+16
j  org.gradle.internal.model.StateTransitionController$$Lambda+0x0000000100e29688.run()V+16
j  org.gradle.internal.work.DefaultSynchronizer.withLock(Ljava/lang/Runnable;)V+6
j  org.gradle.internal.model.StateTransitionController.maybeTransitionIfNotCurrentlyTransitioning(Lorg/gradle/internal/model/StateTransitionController$State;Lorg/gradle/internal/model/StateTransitionController$State;Ljava/lang/Runnable;)V+13
j  org.gradle.api.internal.project.ProjectLifecycleController.ensureSelfConfigured()V+16
j  org.gradle.api.internal.project.DefaultProjectStateRegistry$ProjectStateImpl.ensureConfigured()V+19
j  org.gradle.execution.TaskPathProjectEvaluator.configure(Lorg/gradle/api/internal/project/ProjectInternal;)V+6
j  org.gradle.execution.TaskPathProjectEvaluator.configureHierarchy(Lorg/gradle/api/internal/project/ProjectInternal;)V+41
j  org.gradle.configuration.DefaultProjectsPreparer.prepareProjects(Lorg/gradle/api/internal/GradleInternal;)V+29
j  org.gradle.configuration.BuildTreePreparingProjectsPreparer.prepareProjects(Lorg/gradle/api/internal/GradleInternal;)V+114
j  org.gradle.configuration.BuildOperationFiringProjectsPreparer$ConfigureBuild.run(Lorg/gradle/internal/operations/BuildOperationContext;)V+11
j  org.gradle.internal.operations.DefaultBuildOperationRunner$1.execute(Lorg/gradle/internal/operations/RunnableBuildOperation;Lorg/gradle/internal/operations/BuildOperationContext;)V+2
j  org.gradle.internal.operations.DefaultBuildOperationRunner$1.execute(Lorg/gradle/internal/operations/BuildOperation;Lorg/gradle/internal/operations/BuildOperationContext;)V+6
J 7795 c1 org.gradle.internal.operations.DefaultBuildOperationRunner$2.execute(Lorg/gradle/internal/operations/BuildOperationDescriptor;Lorg/gradle/internal/operations/BuildOperationState;Lorg/gradle/internal/operations/BuildOperationState;Lorg/gradle/internal/operations/DefaultBuildOperationRunner$ReadableBuildOperationContext;Lorg/gradle/internal/operations/DefaultBuildOperationRunner$BuildOperationExecutionListener;)Lorg/gradle/internal/operations/BuildOperation; (110 bytes) @ 0x0000018be32658b4 [0x0000018be32656c0+0x00000000000001f4]
J 7794 c1 org.gradle.internal.operations.DefaultBuildOperationRunner$2.execute(Lorg/gradle/internal/operations/BuildOperationDescriptor;Lorg/gradle/internal/operations/BuildOperationState;Lorg/gradle/internal/operations/BuildOperationState;Lorg/gradle/internal/operations/DefaultBuildOperationRunner$ReadableBuildOperationContext;Lorg/gradle/internal/operations/DefaultBuildOperationRunner$BuildOperationExecutionListener;)Ljava/lang/Object; (12 bytes) @ 0x0000018be32652cc [0x0000018be3265240+0x000000000000008c]
J 7538 c1 org.gradle.internal.operations.DefaultBuildOperationRunner.execute(Lorg/gradle/internal/operations/BuildOperationDescriptor$Builder;Lorg/gradle/internal/operations/BuildOperationState;Lorg/gradle/internal/operations/DefaultBuildOperationRunner$BuildOperationExecution;)Ljava/lang/Object; (147 bytes) @ 0x0000018be3201404 [0x0000018be3200880+0x0000000000000b84]
J 7827 c1 org.gradle.internal.operations.DefaultBuildOperationRunner.execute(Lorg/gradle/internal/operations/BuildOperation;Lorg/gradle/internal/operations/BuildOperationWorker;Lorg/gradle/internal/operations/BuildOperationState;)V (23 bytes) @ 0x0000018be327a87c [0x0000018be327a5e0+0x000000000000029c]
j  org.gradle.internal.operations.DefaultBuildOperationRunner.run(Lorg/gradle/internal/operations/RunnableBuildOperation;)V+9
j  org.gradle.configuration.BuildOperationFiringProjectsPreparer.prepareProjects(Lorg/gradle/api/internal/GradleInternal;)V+13
j  org.gradle.initialization.VintageBuildModelController.lambda$prepareProjects$2()V+8
j  org.gradle.initialization.VintageBuildModelController$$Lambda+0x0000000100dbcb88.run()V+4
j  org.gradle.internal.model.StateTransitionController.lambda$doTransition$14(Ljava/lang/Runnable;)Lorg/gradle/internal/build/ExecutionResult;+1
j  org.gradle.internal.model.StateTransitionController$$Lambda+0x000000010072f4e0.get()Ljava/lang/Object;+4
j  org.gradle.internal.model.StateTransitionController.doTransition(Lorg/gradle/internal/model/StateTransitionController$State;Lorg/gradle/internal/model/StateTransitionController$State;Ljava/util/function/Supplier;)Lorg/gradle/internal/build/ExecutionResult;+24
j  org.gradle.internal.model.StateTransitionController.doTransition(Lorg/gradle/internal/model/StateTransitionController$State;Lorg/gradle/internal/model/StateTransitionController$State;Ljava/lang/Runnable;)V+9
j  org.gradle.internal.model.StateTransitionController.lambda$transitionIfNotPreviously$11(Lorg/gradle/internal/model/StateTransitionController$State;Lorg/gradle/internal/model/StateTransitionController$State;Ljava/lang/Runnable;)V+16
j  org.gradle.internal.model.StateTransitionController$$Lambda+0x0000000100d165a8.run()V+16
j  org.gradle.internal.work.DefaultSynchronizer.withLock(Ljava/lang/Runnable;)V+6
j  org.gradle.internal.model.StateTransitionController.transitionIfNotPreviously(Lorg/gradle/internal/model/StateTransitionController$State;Lorg/gradle/internal/model/StateTransitionController$State;Ljava/lang/Runnable;)V+13
j  org.gradle.initialization.VintageBuildModelController.prepareProjects()V+16
j  org.gradle.initialization.VintageBuildModelController.prepareToScheduleTasks()V+5
j  org.gradle.internal.cc.impl.ConfigurationCacheAwareBuildModelController.prepareToScheduleTasks()V+11
j  org.gradle.internal.build.DefaultBuildLifecycleController.lambda$prepareToScheduleTasks$6()V+9
j  org.gradle.internal.build.DefaultBuildLifecycleController$$Lambda+0x00000001009a7020.run()V+4
j  org.gradle.internal.model.StateTransitionController.lambda$doTransition$14(Ljava/lang/Runnable;)Lorg/gradle/internal/build/ExecutionResult;+1
j  org.gradle.internal.model.StateTransitionController$$Lambda+0x000000010072f4e0.get()Ljava/lang/Object;+4
j  org.gradle.internal.model.StateTransitionController.doTransition(Lorg/gradle/internal/model/StateTransitionController$State;Lorg/gradle/internal/model/StateTransitionController$State;Ljava/util/function/Supplier;)Lorg/gradle/internal/build/ExecutionResult;+24
j  org.gradle.internal.model.StateTransitionController.doTransition(Lorg/gradle/internal/model/StateTransitionController$State;Lorg/gradle/internal/model/StateTransitionController$State;Ljava/lang/Runnable;)V+9
j  org.gradle.internal.model.StateTransitionController.lambda$maybeTransition$9(Lorg/gradle/internal/model/StateTransitionController$State;Lorg/gradle/internal/model/StateTransitionController$State;Ljava/lang/Runnable;)V+16
j  org.gradle.internal.model.StateTransitionController$$Lambda+0x00000001009a7260.run()V+16
j  org.gradle.internal.work.DefaultSynchronizer.withLock(Ljava/lang/Runnable;)V+6
j  org.gradle.internal.model.StateTransitionController.maybeTransition(Lorg/gradle/internal/model/StateTransitionController$State;Lorg/gradle/internal/model/StateTransitionController$State;Ljava/lang/Runnable;)V+13
j  org.gradle.internal.build.DefaultBuildLifecycleController.prepareToScheduleTasks()V+16
j  org.gradle.internal.buildtree.DefaultBuildTreeWorkPreparer.scheduleRequestedTasks(Lorg/gradle/internal/buildtree/BuildTreeWorkGraph;Lorg/gradle/execution/EntryTaskSelector;)Lorg/gradle/internal/buildtree/BuildTreeWorkGraph$FinalizedGraph;+4
j  org.gradle.internal.cc.impl.ConfigurationCacheAwareBuildTreeWorkController$scheduleAndRunRequestedTasks$executionResult$1$result$1.invoke(Lorg/gradle/internal/buildtree/BuildTreeWorkGraph;)Lorg/gradle/internal/buildtree/BuildTreeWorkGraph$FinalizedGraph;+21
j  org.gradle.internal.cc.impl.ConfigurationCacheAwareBuildTreeWorkController$scheduleAndRunRequestedTasks$executionResult$1$result$1.invoke(Ljava/lang/Object;)Ljava/lang/Object;+5
j  org.gradle.internal.cc.impl.DefaultConfigurationCache$loadOrScheduleRequestedTasks$1.invoke()Lorg/gradle/internal/cc/impl/BuildTreeConfigurationCache$WorkGraphResult;+8
j  org.gradle.internal.cc.impl.DefaultConfigurationCache$loadOrScheduleRequestedTasks$1.invoke()Ljava/lang/Object;+1
j  org.gradle.internal.cc.impl.DefaultConfigurationCache.runWorkThatContributesToCacheEntry(Lkotlin/jvm/functions/Function0;)Ljava/lang/Object;+6
j  org.gradle.internal.cc.impl.DefaultConfigurationCache.loadOrScheduleRequestedTasks(Lorg/gradle/internal/buildtree/BuildTreeWorkGraph;Lkotlin/jvm/functions/Function2;Lkotlin/jvm/functions/Function1;)Lorg/gradle/internal/cc/impl/BuildTreeConfigurationCache$WorkGraphResult;+56
j  org.gradle.internal.cc.impl.ConfigurationCacheAwareBuildTreeWorkController$scheduleAndRunRequestedTasks$executionResult$1.apply(Lorg/gradle/internal/buildtree/BuildTreeWorkGraph;)Lorg/gradle/internal/build/ExecutionResult;+37
j  org.gradle.internal.cc.impl.ConfigurationCacheAwareBuildTreeWorkController$scheduleAndRunRequestedTasks$executionResult$1.apply(Ljava/lang/Object;)Ljava/lang/Object;+5
j  org.gradle.composite.internal.DefaultIncludedBuildTaskGraph.withNewWorkGraph(Ljava/util/function/Function;)Ljava/lang/Object;+30
j  org.gradle.internal.cc.impl.ConfigurationCacheAwareBuildTreeWorkController.scheduleAndRunRequestedTasks(Lorg/gradle/execution/EntryTaskSelector;)Lorg/gradle/internal/build/ExecutionResult;+45
j  org.gradle.internal.buildtree.DefaultBuildTreeLifecycleController.lambda$scheduleAndRunTasks$1(Lorg/gradle/execution/EntryTaskSelector;)Lorg/gradle/internal/build/ExecutionResult;+5
j  org.gradle.internal.buildtree.DefaultBuildTreeLifecycleController$$Lambda+0x00000001006489a8.get()Ljava/lang/Object;+8
j  org.gradle.internal.buildtree.DefaultBuildTreeLifecycleController.lambda$runBuild$4(Ljava/util/function/Supplier;)Ljava/lang/Object;+1
j  org.gradle.internal.buildtree.DefaultBuildTreeLifecycleController$$Lambda+0x0000000100648be8.get()Ljava/lang/Object;+8
j  org.gradle.internal.model.StateTransitionController.lambda$transition$6(Ljava/util/function/Supplier;)Lorg/gradle/internal/build/ExecutionResult;+1
j  org.gradle.internal.model.StateTransitionController$$Lambda+0x0000000100649068.get()Ljava/lang/Object;+4
j  org.gradle.internal.model.StateTransitionController.doTransition(Lorg/gradle/internal/model/StateTransitionController$State;Lorg/gradle/internal/model/StateTransitionController$State;Ljava/util/function/Supplier;)Lorg/gradle/internal/build/ExecutionResult;+24
j  org.gradle.internal.model.StateTransitionController.lambda$transition$7(Lorg/gradle/internal/model/StateTransitionController$State;Lorg/gradle/internal/model/StateTransitionController$State;Ljava/util/function/Supplier;)Ljava/lang/Object;+9
j  org.gradle.internal.model.StateTransitionController$$Lambda+0x0000000100648e28.create()Ljava/lang/Object;+16
j  org.gradle.internal.work.DefaultSynchronizer.withLock(Lorg/gradle/internal/Factory;)Ljava/lang/Object;+6
j  org.gradle.internal.model.StateTransitionController.transition(Lorg/gradle/internal/model/StateTransitionController$State;Lorg/gradle/internal/model/StateTransitionController$State;Ljava/util/function/Supplier;)Ljava/lang/Object;+13
j  org.gradle.internal.buildtree.DefaultBuildTreeLifecycleController.runBuild(Ljava/util/function/Supplier;)Ljava/lang/Object;+17
j  org.gradle.internal.buildtree.DefaultBuildTreeLifecycleController.scheduleAndRunTasks(Lorg/gradle/execution/EntryTaskSelector;)V+8
j  org.gradle.internal.buildtree.DefaultBuildTreeLifecycleController.scheduleAndRunTasks()V+2
j  org.gradle.tooling.internal.provider.runner.BuildModelActionRunner.run(Lorg/gradle/internal/invocation/BuildAction;Lorg/gradle/internal/buildtree/BuildTreeLifecycleController;)Lorg/gradle/internal/buildtree/BuildActionRunner$Result;+65
j  org.gradle.launcher.exec.ChainingBuildActionRunner.run(Lorg/gradle/internal/invocation/BuildAction;Lorg/gradle/internal/buildtree/BuildTreeLifecycleController;)Lorg/gradle/internal/buildtree/BuildActionRunner$Result;+34
j  org.gradle.internal.buildtree.ProblemReportingBuildActionRunner.run(Lorg/gradle/internal/invocation/BuildAction;Lorg/gradle/internal/buildtree/BuildTreeLifecycleController;)Lorg/gradle/internal/buildtree/BuildActionRunner$Result;+12
j  org.gradle.launcher.exec.BuildOutcomeReportingBuildActionRunner.run(Lorg/gradle/internal/invocation/BuildAction;Lorg/gradle/internal/buildtree/BuildTreeLifecycleController;)Lorg/gradle/internal/buildtree/BuildActionRunner$Result;+69
j  org.gradle.tooling.internal.provider.FileSystemWatchingBuildActionRunner.run(Lorg/gradle/internal/invocation/BuildAction;Lorg/gradle/internal/buildtree/BuildTreeLifecycleController;)Lorg/gradle/internal/buildtree/BuildActionRunner$Result;+335
j  org.gradle.launcher.exec.BuildCompletionNotifyingBuildActionRunner.run(Lorg/gradle/internal/invocation/BuildAction;Lorg/gradle/internal/buildtree/BuildTreeLifecycleController;)Lorg/gradle/internal/buildtree/BuildActionRunner$Result;+6
j  org.gradle.launcher.exec.RootBuildLifecycleBuildActionExecutor.lambda$execute$0(Lorg/gradle/internal/invocation/BuildAction;Lorg/gradle/internal/buildtree/BuildTreeLifecycleController;)Lorg/gradle/internal/buildtree/BuildActionRunner$Result;+6
j  org.gradle.launcher.exec.RootBuildLifecycleBuildActionExecutor$$Lambda+0x0000000100636b30.apply(Ljava/lang/Object;)Ljava/lang/Object;+12
j  org.gradle.composite.internal.DefaultRootBuildState.run(Ljava/util/function/Function;)Ljava/lang/Object;+87
j  org.gradle.launcher.exec.RootBuildLifecycleBuildActionExecutor.execute(Lorg/gradle/internal/invocation/BuildAction;Lorg/gradle/internal/buildtree/BuildTreeContext;)Lorg/gradle/internal/buildtree/BuildActionRunner$Result;+28
j  org.gradle.internal.buildtree.InitDeprecationLoggingActionExecutor.execute(Lorg/gradle/internal/invocation/BuildAction;Lorg/gradle/internal/buildtree/BuildTreeContext;)Lorg/gradle/internal/buildtree/BuildActionRunner$Result;+83
j  org.gradle.internal.buildtree.InitProblems.execute(Lorg/gradle/internal/invocation/BuildAction;Lorg/gradle/internal/buildtree/BuildTreeContext;)Lorg/gradle/internal/buildtree/BuildActionRunner$Result;+13
j  org.gradle.internal.buildtree.DefaultBuildTreeContext.execute(Lorg/gradle/internal/invocation/BuildAction;)Lorg/gradle/internal/buildtree/BuildActionRunner$Result;+64
j  org.gradle.launcher.exec.BuildTreeLifecycleBuildActionExecutor.lambda$execute$0(Lorg/gradle/internal/invocation/BuildAction;Lorg/gradle/internal/buildtree/BuildTreeContext;)Lorg/gradle/internal/buildtree/BuildActionRunner$Result;+2
j  org.gradle.launcher.exec.BuildTreeLifecycleBuildActionExecutor$$Lambda+0x00000001003b0000.apply(Ljava/lang/Object;)Ljava/lang/Object;+8
j  org.gradle.internal.buildtree.BuildTreeState.run(Ljava/util/function/Function;)Ljava/lang/Object;+45
j  org.gradle.launcher.exec.BuildTreeLifecycleBuildActionExecutor.execute(Lorg/gradle/internal/invocation/BuildAction;Lorg/gradle/internal/session/BuildSessionContext;)Lorg/gradle/internal/buildtree/BuildActionRunner$Result;+74
j  org.gradle.launcher.exec.RunAsBuildOperationBuildActionExecutor$3.call(Lorg/gradle/internal/operations/BuildOperationContext;)Lorg/gradle/internal/buildtree/BuildActionRunner$Result;+25
j  org.gradle.launcher.exec.RunAsBuildOperationBuildActionExecutor$3.call(Lorg/gradle/internal/operations/BuildOperationContext;)Ljava/lang/Object;+2
J 7686 c1 org.gradle.internal.operations.DefaultBuildOperationRunner$CallableBuildOperationWorker.execute(Lorg/gradle/internal/operations/BuildOperation;Lorg/gradle/internal/operations/BuildOperationContext;)V (10 bytes) @ 0x0000018be3240534 [0x0000018be32402e0+0x0000000000000254]
J 7795 c1 org.gradle.internal.operations.DefaultBuildOperationRunner$2.execute(Lorg/gradle/internal/operations/BuildOperationDescriptor;Lorg/gradle/internal/operations/BuildOperationState;Lorg/gradle/internal/operations/BuildOperationState;Lorg/gradle/internal/operations/DefaultBuildOperationRunner$ReadableBuildOperationContext;Lorg/gradle/internal/operations/DefaultBuildOperationRunner$BuildOperationExecutionListener;)Lorg/gradle/internal/operations/BuildOperation; (110 bytes) @ 0x0000018be32658b4 [0x0000018be32656c0+0x00000000000001f4]
J 7794 c1 org.gradle.internal.operations.DefaultBuildOperationRunner$2.execute(Lorg/gradle/internal/operations/BuildOperationDescriptor;Lorg/gradle/internal/operations/BuildOperationState;Lorg/gradle/internal/operations/BuildOperationState;Lorg/gradle/internal/operations/DefaultBuildOperationRunner$ReadableBuildOperationContext;Lorg/gradle/internal/operations/DefaultBuildOperationRunner$BuildOperationExecutionListener;)Ljava/lang/Object; (12 bytes) @ 0x0000018be32652cc [0x0000018be3265240+0x000000000000008c]
J 7538 c1 org.gradle.internal.operations.DefaultBuildOperationRunner.execute(Lorg/gradle/internal/operations/BuildOperationDescriptor$Builder;Lorg/gradle/internal/operations/BuildOperationState;Lorg/gradle/internal/operations/DefaultBuildOperationRunner$BuildOperationExecution;)Ljava/lang/Object; (147 bytes) @ 0x0000018be3201404 [0x0000018be3200880+0x0000000000000b84]
J 7827 c1 org.gradle.internal.operations.DefaultBuildOperationRunner.execute(Lorg/gradle/internal/operations/BuildOperation;Lorg/gradle/internal/operations/BuildOperationWorker;Lorg/gradle/internal/operations/BuildOperationState;)V (23 bytes) @ 0x0000018be327a87c [0x0000018be327a5e0+0x000000000000029c]
J 7687 c1 org.gradle.internal.operations.DefaultBuildOperationRunner.call(Lorg/gradle/internal/operations/CallableBuildOperation;)Ljava/lang/Object; (24 bytes) @ 0x0000018be3240e54 [0x0000018be32409a0+0x00000000000004b4]
j  org.gradle.launcher.exec.RunAsBuildOperationBuildActionExecutor.execute(Lorg/gradle/internal/invocation/BuildAction;Lorg/gradle/internal/session/BuildSessionContext;)Lorg/gradle/internal/buildtree/BuildActionRunner$Result;+23
j  org.gradle.launcher.exec.RunAsWorkerThreadBuildActionExecutor.lambda$execute$0(Lorg/gradle/internal/invocation/BuildAction;Lorg/gradle/internal/session/BuildSessionContext;)Lorg/gradle/internal/buildtree/BuildActionRunner$Result;+6
j  org.gradle.launcher.exec.RunAsWorkerThreadBuildActionExecutor$$Lambda+0x0000000100381988.create()Ljava/lang/Object;+12
j  org.gradle.internal.work.DefaultWorkerLeaseService.withLocks(Ljava/util/Collection;Lorg/gradle/internal/Factory;)Ljava/lang/Object;+28
j  org.gradle.internal.work.DefaultWorkerLeaseService.runAsWorkerThread(Lorg/gradle/internal/Factory;)Ljava/lang/Object;+33
j  org.gradle.launcher.exec.RunAsWorkerThreadBuildActionExecutor.execute(Lorg/gradle/internal/invocation/BuildAction;Lorg/gradle/internal/session/BuildSessionContext;)Lorg/gradle/internal/buildtree/BuildActionRunner$Result;+12
j  org.gradle.tooling.internal.provider.continuous.ContinuousBuildActionExecutor.execute(Lorg/gradle/internal/invocation/BuildAction;Lorg/gradle/internal/session/BuildSessionContext;)Lorg/gradle/internal/buildtree/BuildActionRunner$Result;+58
j  org.gradle.tooling.internal.provider.SubscribableBuildActionExecutor.execute(Lorg/gradle/internal/invocation/BuildAction;Lorg/gradle/internal/session/BuildSessionContext;)Lorg/gradle/internal/buildtree/BuildActionRunner$Result;+30
j  org.gradle.internal.session.DefaultBuildSessionContext.execute(Lorg/gradle/internal/invocation/BuildAction;)Lorg/gradle/internal/buildtree/BuildActionRunner$Result;+64
j  org.gradle.internal.buildprocess.execution.BuildSessionLifecycleBuildActionExecutor$ActionImpl.apply(Lorg/gradle/internal/session/BuildSessionContext;)Lorg/gradle/launcher/exec/BuildActionResult;+6
j  org.gradle.internal.buildprocess.execution.BuildSessionLifecycleBuildActionExecutor$ActionImpl.apply(Ljava/lang/Object;)Ljava/lang/Object;+5
j  org.gradle.internal.session.BuildSessionState.run(Ljava/util/function/Function;)Ljava/lang/Object;+5
j  org.gradle.internal.buildprocess.execution.BuildSessionLifecycleBuildActionExecutor.execute(Lorg/gradle/internal/invocation/BuildAction;Lorg/gradle/launcher/exec/BuildActionParameters;Lorg/gradle/initialization/BuildRequestContext;)Lorg/gradle/launcher/exec/BuildActionResult;+95
j  org.gradle.internal.buildprocess.execution.BuildSessionLifecycleBuildActionExecutor.execute(Lorg/gradle/internal/invocation/BuildAction;Ljava/lang/Object;Ljava/lang/Object;)Lorg/gradle/launcher/exec/BuildActionResult;+10
j  org.gradle.internal.buildprocess.execution.StartParamsValidatingActionExecutor.execute(Lorg/gradle/internal/invocation/BuildAction;Lorg/gradle/launcher/exec/BuildActionParameters;Lorg/gradle/initialization/BuildRequestContext;)Lorg/gradle/launcher/exec/BuildActionResult;+203
j  org.gradle.internal.buildprocess.execution.StartParamsValidatingActionExecutor.execute(Lorg/gradle/internal/invocation/BuildAction;Ljava/lang/Object;Ljava/lang/Object;)Lorg/gradle/launcher/exec/BuildActionResult;+10
j  org.gradle.internal.buildprocess.execution.SessionFailureReportingActionExecutor.execute(Lorg/gradle/internal/invocation/BuildAction;Lorg/gradle/launcher/exec/BuildActionParameters;Lorg/gradle/initialization/BuildRequestContext;)Lorg/gradle/launcher/exec/BuildActionResult;+7
j  org.gradle.internal.buildprocess.execution.SessionFailureReportingActionExecutor.execute(Lorg/gradle/internal/invocation/BuildAction;Ljava/lang/Object;Ljava/lang/Object;)Lorg/gradle/launcher/exec/BuildActionResult;+10
j  org.gradle.internal.buildprocess.execution.SetupLoggingActionExecutor.execute(Lorg/gradle/internal/invocation/BuildAction;Lorg/gradle/launcher/exec/BuildActionParameters;Lorg/gradle/initialization/BuildRequestContext;)Lorg/gradle/launcher/exec/BuildActionResult;+50
j  org.gradle.internal.buildprocess.execution.SetupLoggingActionExecutor.execute(Lorg/gradle/internal/invocation/BuildAction;Ljava/lang/Object;Ljava/lang/Object;)Lorg/gradle/launcher/exec/BuildActionResult;+10
j  org.gradle.launcher.daemon.server.exec.ExecuteBuild.doBuild(Lorg/gradle/launcher/daemon/server/api/DaemonCommandExecution;Lorg/gradle/launcher/daemon/protocol/Build;)V+147
j  org.gradle.launcher.daemon.server.exec.BuildCommandOnly.execute(Lorg/gradle/launcher/daemon/server/api/DaemonCommandExecution;)V+49
j  org.gradle.launcher.daemon.server.api.DaemonCommandExecution.proceed()Z+23
j  org.gradle.launcher.daemon.server.exec.WatchForDisconnection.execute(Lorg/gradle/launcher/daemon/server/api/DaemonCommandExecution;)V+19
j  org.gradle.launcher.daemon.server.api.DaemonCommandExecution.proceed()Z+23
j  org.gradle.launcher.daemon.server.exec.ResetDeprecationLogger.execute(Lorg/gradle/launcher/daemon/server/api/DaemonCommandExecution;)V+7
j  org.gradle.launcher.daemon.server.api.DaemonCommandExecution.proceed()Z+23
j  org.gradle.launcher.daemon.server.exec.RequestStopIfSingleUsedDaemon.execute(Lorg/gradle/launcher/daemon/server/api/DaemonCommandExecution;)V+33
j  org.gradle.launcher.daemon.server.api.DaemonCommandExecution.proceed()Z+23
j  org.gradle.launcher.daemon.server.exec.ForwardClientInput.lambda$execute$0(Lorg/gradle/launcher/daemon/server/api/DaemonCommandExecution;Lorg/gradle/internal/daemon/clientinput/StdinHandler;)Ljava/lang/Object;+11
j  org.gradle.launcher.daemon.server.exec.ForwardClientInput$$Lambda+0x000000010025c568.apply(Ljava/lang/Object;)Ljava/lang/Object;+8
j  org.gradle.internal.daemon.clientinput.ClientInputForwarder.forwardInput(Ljava/util/function/Function;)Ljava/lang/Object;+46
j  org.gradle.launcher.daemon.server.exec.ForwardClientInput.execute(Lorg/gradle/launcher/daemon/server/api/DaemonCommandExecution;)V+10
j  org.gradle.launcher.daemon.server.api.DaemonCommandExecution.proceed()Z+23
j  org.gradle.launcher.daemon.server.exec.LogAndCheckHealth.execute(Lorg/gradle/launcher/daemon/server/api/DaemonCommandExecution;)V+51
j  org.gradle.launcher.daemon.server.api.DaemonCommandExecution.proceed()Z+23
j  org.gradle.launcher.daemon.server.exec.LogToClient.doBuild(Lorg/gradle/launcher/daemon/server/api/DaemonCommandExecution;Lorg/gradle/launcher/daemon/protocol/Build;)V+87
j  org.gradle.launcher.daemon.server.exec.BuildCommandOnly.execute(Lorg/gradle/launcher/daemon/server/api/DaemonCommandExecution;)V+49
j  org.gradle.launcher.daemon.server.api.DaemonCommandExecution.proceed()Z+23
j  org.gradle.launcher.daemon.server.exec.EstablishBuildEnvironment.doBuild(Lorg/gradle/launcher/daemon/server/api/DaemonCommandExecution;Lorg/gradle/launcher/daemon/protocol/Build;)V+356
j  org.gradle.launcher.daemon.server.exec.BuildCommandOnly.execute(Lorg/gradle/launcher/daemon/server/api/DaemonCommandExecution;)V+49
j  org.gradle.launcher.daemon.server.api.DaemonCommandExecution.proceed()Z+23
j  org.gradle.launcher.daemon.server.exec.StartBuildOrRespondWithBusy$1.run()V+44
j  org.gradle.launcher.daemon.server.DaemonStateCoordinator.lambda$runCommand$0(Ljava/lang/Runnable;)V+1
j  org.gradle.launcher.daemon.server.DaemonStateCoordinator$$Lambda+0x0000000100256d18.run()V+8
J 9345 c2 org.gradle.internal.concurrent.ExecutorPolicy$CatchAndRecordFailures.onExecute(Ljava/lang/Runnable;)V (29 bytes) @ 0x0000018bea3eb094 [0x0000018bea3eb040+0x0000000000000054]
J 11260 c1 org.gradle.internal.concurrent.AbstractManagedExecutor$1.run()V (57 bytes) @ 0x0000018be30445d4 [0x0000018be3044420+0x00000000000001b4]
j  java.util.concurrent.ThreadPoolExecutor.runWorker(Ljava/util/concurrent/ThreadPoolExecutor$Worker;)V+92 java.base@21.0.3
j  java.util.concurrent.ThreadPoolExecutor$Worker.run()V+5 java.base@21.0.3
j  java.lang.Thread.runWith(Ljava/lang/Object;Ljava/lang/Runnable;)V+5 java.base@21.0.3
j  java.lang.Thread.run()V+19 java.base@21.0.3
v  ~StubRoutines::call_stub 0x0000018be9a9100d

siginfo: EXCEPTION_ACCESS_VIOLATION (0xc0000005), reading address 0xffffffffffffffff


Registers:
RAX=0x00018bfeb3b56000, RBX=0x0000018bf719e11f, RCX=0x0000018bf719e11f, RDX=0x00000000000000ff
RSP=0x0000007ae7df52f0, RBP=0x000000000000000a, RSI=0x0000000000000000, RDI=0x000000000000002b
R8 =0x0000000000000000, R9 =0x0000000000000000, R10=0x0000018bf71a6860, R11=0x0000018bf71a6860
R12=0x0000000000000000, R13=0x000000000000002b, R14=0x0000018bf71a6850, R15=0x000000000000002b
RIP=0x00007ffb35a92d86, EFLAGS=0x0000000000010206


Register to memory mapping:

RAX=0x00018bfeb3b56000 is an unknown value
RBX=0x0000018bf719e11f points into unknown readable memory: 88
RCX=0x0000018bf719e11f points into unknown readable memory: 88
RDX=0x00000000000000ff is an unknown value
RSP=0x0000007ae7df52f0 is pointing into the stack for thread: 0x0000018bff5c2080
RBP=0x000000000000000a is an unknown value
RSI=0x0 is null
RDI=0x000000000000002b is an unknown value
R8 =0x0 is null
R9 =0x0 is null
R10=0x0000018bf71a6860 points into unknown readable memory: 0x0000000000000000 | 00 00 00 00 00 00 00 00
R11=0x0000018bf71a6860 points into unknown readable memory: 0x0000000000000000 | 00 00 00 00 00 00 00 00
R12=0x0 is null
R13=0x000000000000002b is an unknown value
R14=0x0000018bf71a6850 points into unknown readable memory: 0x0000018bf719e11f | 1f e1 19 f7 8b 01 00 00
R15=0x000000000000002b is an unknown value

Top of Stack: (sp=0x0000007ae7df52f0)
0x0000007ae7df52f0:   0000018b86ffff50 0000018b86ffff54
0x0000007ae7df5300:   0000000c00000000 0000000000000002
0x0000007ae7df5310:   000000000000000e 00007ffb3542284d
0x0000007ae7df5320:   000000000000000e 0014001300000001
0x0000007ae7df5330:   0000000200000010 0000000000000000
0x0000007ae7df5340:   00007ffb35ddfec8 00007ffb358db2e3
0x0000007ae7df5350:   0000018bff5c2080 000000000000000e
0x0000007ae7df5360:   0000018b80056a60 0000018bf71a6850
0x0000007ae7df5370:   0000000000000000 00007ffb3542270e
0x0000007ae7df5380:   00007ffb35ddfec8 00007ffb35ddfec8
0x0000007ae7df5390:   000000000000000a 000000000000000e
0x0000007ae7df53a0:   0000000000000001 00007ffb358b1cd8
0x0000007ae7df53b0:   0000018bfef80240 000000000000002b
0x0000007ae7df53c0:   000000000000002b 0000000001000000
0x0000007ae7df53d0:   0000018b86fff803 0000000000000000
0x0000007ae7df53e0:   0000000000000005 0000000500000000
0x0000007ae7df53f0:   0000018b86fff330 0000018bff5c2080
0x0000007ae7df5400:   0000007ae7df5700 00007ffb3530e29d
0x0000007ae7df5410:   0000018bff5c2080 0000000000000001
0x0000007ae7df5420:   0000000000000009 0000018bff5c2080
0x0000007ae7df5430:   0000018b80056a60 000000000000000b
0x0000007ae7df5440:   000000000000002b 00007ffb358b1b12
0x0000007ae7df5450:   0000018b80055840 0000018b80055840
0x0000007ae7df5460:   0000018b80231328 00000000000003d8
0x0000007ae7df5470:   0000007ae7df5700 0000018bff5c2080
0x0000007ae7df5480:   0000000000000000 00007ffb358afd7e
0x0000007ae7df5490:   0000018bfe4c29e0 000000000000000b
0x0000007ae7df54a0:   000000000000002b 0000018bff5c2080
0x0000007ae7df54b0:   0000000000000200 0000007ae7df5500
0x0000007ae7df54c0:   0000007ae7df5738 0000007ae7df55a0
0x0000007ae7df54d0:   0000000000000000 00007ffb354b9a26
0x0000007ae7df54e0:   0000000000000000 0000000000000000 

Instructions: (pc=0x00007ffb35a92d86)
0x00007ffb35a92c86:   48 89 7b 10 0f 29 44 24 20 0f 10 40 20 89 7b 18
0x00007ffb35a92c96:   4c 89 4b 20 4c 8d 4b 30 0f 29 4c 24 30 f2 0f 10
0x00007ffb35a92ca6:   48 30 0f 29 44 24 40 40 88 7b 1c 49 89 38 49 89
0x00007ffb35a92cb6:   39 f2 0f 11 4c 24 50 e8 3e 07 00 00 48 89 43 10
0x00007ffb35a92cc6:   48 8b 43 10 48 89 38 48 8b c3 ff 43 18 48 8b 5c
0x00007ffb35a92cd6:   24 70 48 83 c4 60 5f c3 cc cc 48 89 6c 24 18 56
0x00007ffb35a92ce6:   48 83 ec 20 48 89 7c 24 38 48 8d 05 1a 3d 19 00
0x00007ffb35a92cf6:   48 8b 79 10 8b ea 48 89 01 48 8b f1 48 85 ff 74
0x00007ffb35a92d06:   29 48 89 5c 24 30 0f 1f 40 00 48 8b 1f 48 8b cf
0x00007ffb35a92d16:   e8 25 03 00 00 48 8b cf e8 9d 73 86 ff 48 8b fb
0x00007ffb35a92d26:   48 85 db 75 e5 48 8b 5c 24 30 48 8b 7c 24 38 40
0x00007ffb35a92d36:   f6 c5 01 74 26 48 8b ce 40 f6 c5 04 75 13 e8 77
0x00007ffb35a92d46:   73 86 ff 48 8b c6 48 8b 6c 24 40 48 83 c4 20 5e
0x00007ffb35a92d56:   c3 ba 38 00 00 00 e8 df 4b 7b ff 48 8b 6c 24 40
0x00007ffb35a92d66:   48 8b c6 48 83 c4 20 5e c3 cc 40 53 48 83 ec 20
0x00007ffb35a92d76:   48 8b 41 10 48 8b d9 48 85 c0 74 15 48 8b 41 10
0x00007ffb35a92d86:   48 8b 50 50 48 2b 50 58 48 81 fa 00 00 20 00 73
0x00007ffb35a92d96:   4d 80 79 1c 00 74 55 48 8b 51 20 4c 8d 49 30 4c
0x00007ffb35a92da6:   8d 41 28 b9 00 00 80 00 e8 ed 06 00 00 48 8b 4b
0x00007ffb35a92db6:   10 48 89 08 ff 43 18 48 89 43 10 48 8b 05 10 87
0x00007ffb35a92dc6:   32 00 48 85 c0 74 17 44 8b 4b 18 48 8d 0d 40 3c
0x00007ffb35a92dd6:   19 00 4c 8b 43 08 48 8b d3 e8 cc f5 98 ff 48 8b
0x00007ffb35a92de6:   4b 10 48 83 c4 20 5b e9 ee 02 00 00 48 8b 05 df
0x00007ffb35a92df6:   86 32 00 48 85 c0 74 13 4c 8b 41 08 48 8b d3 48
0x00007ffb35a92e06:   8d 0d 44 3c 19 00 e8 9f f5 98 ff 33 c0 48 83 c4
0x00007ffb35a92e16:   20 5b c3 cc cc cc cc cc cc cc 48 8b 41 10 4c 8b
0x00007ffb35a92e26:   ca 48 85 c0 74 1e 4c 8b 40 48 4d 3b c8 72 0d 48
0x00007ffb35a92e36:   8b 48 58 49 8d 14 c8 4c 3b ca 72 05 48 8b 00 eb
0x00007ffb35a92e46:   e0 b0 01 c3 c3 cc cc cc cc cc 48 89 5c 24 08 48
0x00007ffb35a92e56:   89 6c 24 10 48 89 74 24 18 48 89 7c 24 20 41 56
0x00007ffb35a92e66:   48 83 ec 30 48 8b 1d ff c4 34 00 48 8b ea 4c 8b
0x00007ffb35a92e76:   f1 48 85 db 74 08 48 8b cb e8 1c 84 e4 ff 4d 8b 


Stack slot to memory mapping:

stack at sp + 0 slots: 0x0000018b86ffff50 is pointing into metadata
stack at sp + 1 slots: 0x0000018b86ffff54 is pointing into metadata
stack at sp + 2 slots: 0x0000000c00000000 is an unknown value
stack at sp + 3 slots: 0x0000000000000002 is an unknown value
stack at sp + 4 slots: 0x000000000000000e is an unknown value
stack at sp + 5 slots: 0x00007ffb3542284d jvm.dll
stack at sp + 6 slots: 0x000000000000000e is an unknown value
stack at sp + 7 slots: 0x0014001300000001 is an unknown value


Compiled method (n/a)  908033 2474     n 0       java.lang.ClassLoader::defineClass0 (native)
 total in heap  [0x0000018bea14b690,0x0000018bea14bd18] = 1672
 relocation     [0x0000018bea14b7f0,0x0000018bea14b828] = 56
 main code      [0x0000018bea14b840,0x0000018bea14bd12] = 1234
 stub code      [0x0000018bea14bd12,0x0000018bea14bd18] = 6

[Constant Pool (empty)]

[MachCode]
[Entry Point]
  # {method} {0x0000018bf8025188} 'defineClass0' '(Ljava/lang/ClassLoader;Ljava/lang/Class;Ljava/lang/String;[BIILjava/security/ProtectionDomain;ZILjava/lang/Object;)Ljava/lang/Class;' in 'java/lang/ClassLoader'
  # parm0:    rdx:rdx   = 'java/lang/ClassLoader'
  # parm1:    r8:r8     = 'java/lang/Class'
  # parm2:    r9:r9     = 'java/lang/String'
  # parm3:    rdi:rdi   = '[B'
  # parm4:    rsi       = int
  # parm5:    rcx       = int
  # parm6:    [sp+0xb0]   = 'java/security/ProtectionDomain'  (sp of caller)
  # parm7:    [sp+0xb8]   = boolean
  # parm8:    [sp+0xc0]   = int
  # parm9:    [sp+0xc8]   = 'java/lang/Object'
  0x0000018bea14b840: 448b 5208 | 49c1 e203 | 493b c20f | 8407 0000 

  0x0000018bea14b850: ;   {runtime_call ic_miss_stub}
  0x0000018bea14b850: 00e9 2a2f | 99ff 6690 
[Verified Entry Point]
  0x0000018bea14b858: 8984 2400 | 80ff ff55 | 488b ec48 | 81ec a000 | 0000 6690 | 4181 7f20 | 1700 0000 

  0x0000018bea14b874: ;   {runtime_call StubRoutines (final stubs)}
  0x0000018bea14b874: 7405 e8a5 | e297 ff48 | 837d 2800 | 488d 4528 | 480f 4445 | 2848 8944 | 2458 4863 | 4520 4889 
  0x0000018bea14b894: 4424 5048 | 6345 1848 | 8944 2448 | 4883 7d10 | 0048 8d45 | 1048 0f44 | 4510 4889 | 4424 4048 
  0x0000018bea14b8b4: 894c 2438 | 4889 7424 | 3048 897c | 2478 4883 | ff00 488d | 4424 7848 | 0f44 4424 | 7848 8944 
  0x0000018bea14b8d4: 2428 4c89 | 4c24 7049 | 83f9 0048 | 8d44 2470 | 480f 4444 | 2470 4889 | 4424 204c | 8944 2468 
  0x0000018bea14b8f4: 4983 f800 | 4c8d 4c24 | 684c 0f44 | 4c24 6848 | 8954 2460 | 4883 fa00 | 4c8d 4424 | 604c 0f44 
  0x0000018bea14b914: ;   {oop(a 'java/lang/Class'{0x0000000080760f30} = 'java/lang/ClassLoader')}
  0x0000018bea14b914: 4424 6049 | be30 0f76 | 8000 0000 | 004c 89b4 | 2490 0000 | 004c 8db4 | 2490 0000 | 0049 8bd6 
  0x0000018bea14b934: ;   {internal_word}
  0x0000018bea14b934: c5f8 7749 | ba34 b914 | ea8b 0100 | 004d 8997 | a003 0000 | 4989 a798 

  0x0000018bea14b94c: ;   {external_word}
  0x0000018bea14b94c: 0300 0049 | ba00 96dc | 35fb 7f00 | 0041 803a | 000f 844e | 0000 0052 | 4150 4151 

  0x0000018bea14b968: ;   {metadata({method} {0x0000018bf8025188} 'defineClass0' '(Ljava/lang/ClassLoader;Ljava/lang/Class;Ljava/lang/String;[BIILjava/security/ProtectionDomain;ZILjava/lang/Object;)Ljava/lang/Class;' in 'java/lang/ClassLoader')}
  0x0000018bea14b968: 48ba 8051 | 02f8 8b01 | 0000 498b | cf48 83ec | 2040 f6c4 | 0f0f 8419 | 0000 0048 

  0x0000018bea14b984: ;   {runtime_call}
  0x0000018bea14b984: 83ec 0848 | b870 1d97 | 35fb 7f00 | 00ff d048 | 83c4 08e9 | 0c00 0000 

  0x0000018bea14b99c: ;   {runtime_call}
  0x0000018bea14b99c: 48b8 701d | 9735 fb7f | 0000 ffd0 | 4883 c420 | 4159 4158 | 5a49 8d8f | b803 0000 | 41c7 874c 
  0x0000018bea14b9bc: 0400 0004 

  0x0000018bea14b9c0: ;   {runtime_call}
  0x0000018bea14b9c0: 0000 0048 | b81c 1558 | 74fb 7f00 | 00ff d0c5 | f877 41c7 | 874c 0400 | 0005 0000 | 00f0 8344 
  0x0000018bea14b9e0: 24c0 0049 | 3baf 5004 | 0000 0f87 | 0e00 0000 | 4183 bf48 | 0400 0000 | 0f84 2b00 | 0000 c5f8 
  0x0000018bea14ba00: 7748 8945 | f849 8bcf | 4c8b e448 | 83ec 2048 

  0x0000018bea14ba10: ;   {runtime_call}
  0x0000018bea14ba10: 83e4 f048 | b840 9662 | 35fb 7f00 | 00ff d049 | 8be4 4d33 | e448 8b45 | f841 c787 | 4c04 0000 
  0x0000018bea14ba30: 0800 0000 | 4183 bfc8 | 0400 0002 | 0f84 a302 

  0x0000018bea14ba40: ;   {external_word}
  0x0000018bea14ba40: 0000 49ba | 0096 dc35 | fb7f 0000 | 4180 3a00 | 0f84 4c00 | 0000 4889 

  0x0000018bea14ba58: ;   {metadata({method} {0x0000018bf8025188} 'defineClass0' '(Ljava/lang/ClassLoader;Ljava/lang/Class;Ljava/lang/String;[BIILjava/security/ProtectionDomain;ZILjava/lang/Object;)Ljava/lang/Class;' in 'java/lang/ClassLoader')}
  0x0000018bea14ba58: 45f8 48ba | 8051 02f8 | 8b01 0000 | 498b cf48 | 83ec 2040 | f6c4 0f0f | 8419 0000 | 0048 83ec 
  0x0000018bea14ba78: ;   {runtime_call}
  0x0000018bea14ba78: 0848 b870 | 1d97 35fb | 7f00 00ff | d048 83c4 | 08e9 0c00 

  0x0000018bea14ba8c: ;   {runtime_call}
  0x0000018bea14ba8c: 0000 48b8 | 701d 9735 | fb7f 0000 | ffd0 4883 | c420 488b | 45f8 49c7 | 8798 0300 | 0000 0000 
  0x0000018bea14baac: 0049 c787 | a003 0000 | 0000 0000 | c5f8 7748 | 85c0 0f84 | fe01 0000 | a803 0f85 | 0800 0000 
  0x0000018bea14bacc: 488b 00e9 | ee01 0000 | a801 0f85 | 0900 0000 | 488b 40fe | e9dd 0100 | 0048 8b40 | ff41 807f 
  0x0000018bea14baec: 4000 0f84 | ce01 0000 | 4883 f800 | 0f84 c401 | 0000 498b | 4f28 4883 | f900 0f84 | 1400 0000 
  0x0000018bea14bb0c: 4883 e908 | 4989 4f28 | 4903 4f38 | 4889 01e9 | a201 0000 | 4881 ecd0 | 0000 0048 | 8904 2448 
  0x0000018bea14bb2c: 894c 2408 | 4889 5424 | 1048 8974 | 2418 4889 | 7c24 204c | 8944 2428 | 4c89 4c24 | 304c 8954 
  0x0000018bea14bb4c: 2438 4c89 | 5c24 40c5 | fb11 4424 | 50c5 fb11 | 4c24 58c5 | fb11 5424 | 60c5 fb11 | 5c24 68c5 
  0x0000018bea14bb6c: fb11 6424 | 70c5 fb11 | 6c24 78c5 | fb11 b424 | 8000 0000 | c5fb 11bc | 2488 0000 | 00c5 7b11 
  0x0000018bea14bb8c: ;   {no_reloc}
  0x0000018bea14bb8c: 8424 9000 | 0000 c57b | 118c 2498 | 0000 00c5 | 7b11 9424 | a000 0000 | c57b 119c | 24a8 0000 
  0x0000018bea14bbac: 00c5 7b11 | a424 b000 | 0000 c57b | 11ac 24b8 | 0000 00c5 | 7b11 b424 | c000 0000 | c57b 11bc 
  0x0000018bea14bbcc: 24c8 0000 | 0049 8bd7 | 488b c848 | 83ec 2040 | f6c4 0f0f | 8419 0000 | 0048 83ec 

  0x0000018bea14bbe8: ;   {runtime_call}
  0x0000018bea14bbe8: 0848 b880 | d155 35fb | 7f00 00ff | d048 83c4 | 08e9 0c00 

  0x0000018bea14bbfc: ;   {runtime_call}
  0x0000018bea14bbfc: 0000 48b8 | 80d1 5535 | fb7f 0000 | ffd0 4883 | c420 c57b | 10bc 24c8 | 0000 00c5 | 7b10 b424 
  0x0000018bea14bc1c: c000 0000 | c57b 10ac | 24b8 0000 | 00c5 7b10 | a424 b000 | 0000 c57b | 109c 24a8 | 0000 00c5 
  0x0000018bea14bc3c: 7b10 9424 | a000 0000 | c57b 108c | 2498 0000 | 00c5 7b10 | 8424 9000 | 0000 c5fb | 10bc 2488 
  0x0000018bea14bc5c: 0000 00c5 | fb10 b424 | 8000 0000 | c5fb 106c | 2478 c5fb | 1064 2470 | c5fb 105c | 2468 c5fb 
  0x0000018bea14bc7c: 1054 2460 | c5fb 104c | 2458 c5fb | 1044 2450 | 4c8b 5c24 | 404c 8b54 | 2438 4c8b | 4c24 304c 
  0x0000018bea14bc9c: 8b44 2428 | 488b 7c24 | 2048 8b74 | 2418 488b | 5424 1048 | 8b4c 2408 | 488b 0424 | 4881 c4d0 
  0x0000018bea14bcbc: 0000 00c5 | f877 498b | 8f28 0400 | 00c7 8100 | 0100 0000 | 0000 00c9 | 4983 7f08 | 000f 8501 
  0x0000018bea14bcdc: 0000 00c3 

  0x0000018bea14bce0: ;   {runtime_call StubRoutines (initial stubs)}
  0x0000018bea14bce0: e91b 5294 | ffc5 f877 | 4889 45f8 | 4c8b e448 | 83ec 2048 

  0x0000018bea14bcf4: ;   {runtime_call}
  0x0000018bea14bcf4: 83e4 f048 | b810 5597 | 35fb 7f00 | 00ff d049 | 8be4 4d33 | e448 8b45 | f8e9 30fd | ffff f4f4 
  0x0000018bea14bd14: f4f4 f4f4 
[/MachCode]


Compiled method (c1)  908063 2473       3       java.lang.System$2::defineClass (21 bytes)
 total in heap  [0x0000018be2a2dc10,0x0000018be2a2dff0] = 992
 relocation     [0x0000018be2a2dd70,0x0000018be2a2ddb0] = 64
 main code      [0x0000018be2a2ddc0,0x0000018be2a2def8] = 312
 stub code      [0x0000018be2a2def8,0x0000018be2a2df38] = 64
 metadata       [0x0000018be2a2df38,0x0000018be2a2df40] = 8
 scopes data    [0x0000018be2a2df40,0x0000018be2a2df88] = 72
 scopes pcs     [0x0000018be2a2df88,0x0000018be2a2dfd8] = 80
 dependencies   [0x0000018be2a2dfd8,0x0000018be2a2dfe0] = 8
 nul chk table  [0x0000018be2a2dfe0,0x0000018be2a2dff0] = 16

[Constant Pool (empty)]

[MachCode]
[Entry Point]
  # {method} {0x0000018bf81abc38} 'defineClass' '(Ljava/lang/ClassLoader;Ljava/lang/Class;Ljava/lang/String;[BLjava/security/ProtectionDomain;ZILjava/lang/Object;)Ljava/lang/Class;' in 'java/lang/System$2'
  # this:     rdx:rdx   = 'java/lang/System$2'
  # parm0:    r8:r8     = 'java/lang/ClassLoader'
  # parm1:    r9:r9     = 'java/lang/Class'
  # parm2:    rdi:rdi   = 'java/lang/String'
  # parm3:    rsi:rsi   = '[B'
  # parm4:    rcx:rcx   = 'java/security/ProtectionDomain'
  # parm5:    [sp+0x70]   = boolean  (sp of caller)
  # parm6:    [sp+0x78]   = int
  # parm7:    [sp+0x80]   = 'java/lang/Object'
  0x0000018be2a2ddc0: 448b 5208 | 49c1 e203 

  0x0000018be2a2ddc8: ;   {runtime_call ic_miss_stub}
  0x0000018be2a2ddc8: 4c3b d00f | 85af 090b | 0766 6666 | 0f1f 8400 | 0000 0000 | 6666 6690 
[Verified Entry Point]
  0x0000018be2a2dde0: 8984 2400 | 80ff ff55 | 4883 ec60 | 4181 7f20 | 1700 0000 

  0x0000018be2a2ddf4: ;   {runtime_call StubRoutines (final stubs)}
  0x0000018be2a2ddf4: 7405 e825 | bd09 0748 

  0x0000018be2a2ddfc: ;   {metadata(method data for {method} {0x0000018bf81abc38} 'defineClass' '(Ljava/lang/ClassLoader;Ljava/lang/Class;Ljava/lang/String;[BLjava/security/ProtectionDomain;ZILjava/lang/Object;)Ljava/lang/Class;' in 'java/lang/System$2')}
  0x0000018be2a2ddfc: 8bd9 48b9 | 88ae 3af9 | 8b01 0000 | 8b81 cc00 | 0000 83c0 | 0289 81cc | 0000 0025 | fe07 0000 
  0x0000018be2a2de1c: 85c0 0f84 | 6b00 0000 | 4c8b ac24 | 8000 0000 | 448b 5c24 | 788b 4424 | 708b 4e0c 

  0x0000018be2a2de38: ;   {metadata(method data for {method} {0x0000018bf81abc38} 'defineClass' '(Ljava/lang/ClassLoader;Ljava/lang/Class;Ljava/lang/String;[BLjava/security/ProtectionDomain;ZILjava/lang/Object;)Ljava/lang/Class;' in 'java/lang/System$2')}
  0x0000018be2a2de38: 48ba 88ae | 3af9 8b01 | 0000 4883 | 8210 0100 | 0001 498b | d04d 8bc1 | 4c8b cf48 | 8bfe be00 
  0x0000018be2a2de58: 0000 0048 | 891c 2489 | 4424 0844 | 895c 2410 | 4c89 6c24 

  0x0000018be2a2de6c: ;   {static_call}
  0x0000018be2a2de6c: 1866 90e8 

  0x0000018be2a2de70: ; ImmutableOopMap {}
                      ;*invokestatic defineClass0 {reexecute=0 rethrow=0 return_oop=0}
                      ; - java.lang.System$2::defineClass@17
  0x0000018be2a2de70: e4d9 7107 

  0x0000018be2a2de74: ;   {other}
  0x0000018be2a2de74: 0f1f 8400 | 6402 0000 | 4883 c460 

  0x0000018be2a2de80: ;   {poll_return}
  0x0000018be2a2de80: 5d49 3ba7 | 5004 0000 | 0f87 2700 

  0x0000018be2a2de8c: ;   {metadata({method} {0x0000018bf81abc38} 'defineClass' '(Ljava/lang/ClassLoader;Ljava/lang/Class;Ljava/lang/String;[BLjava/security/ProtectionDomain;ZILjava/lang/Object;)Ljava/lang/Class;' in 'java/lang/System$2')}
  0x0000018be2a2de8c: 0000 c349 | ba30 bc1a | f88b 0100 | 004c 8954 | 2408 48c7 | 0424 ffff 

  0x0000018be2a2dea4: ;   {runtime_call counter_overflow Runtime1 stub}
  0x0000018be2a2dea4: ffff e8d5 

  0x0000018be2a2dea8: ; ImmutableOopMap {rdx=Oop r8=Oop r9=Oop rdi=Oop rsi=Oop rbx=Oop [128]=Oop }
                      ;*synchronization entry
                      ; - java.lang.System$2::defineClass@-1
  0x0000018be2a2dea8: 2c17 07e9 | 74ff ffff 

  0x0000018be2a2deb0: ;   {runtime_call throw_null_pointer_exception Runtime1 stub}
  0x0000018be2a2deb0: e8cb db16 

  0x0000018be2a2deb4: ; ImmutableOopMap {r8=Oop r9=Oop rdi=Oop rsi=Oop rbx=Oop r13=Oop [128]=Oop }
                      ;*arraylength {reexecute=0 rethrow=0 return_oop=0}
                      ; - java.lang.System$2::defineClass@8
                      ;   {internal_word}
  0x0000018be2a2deb4: 0749 ba81 | dea2 e28b | 0100 004d | 8997 6804 

  0x0000018be2a2dec4: ;   {runtime_call SafepointBlob}
  0x0000018be2a2dec4: 0000 e935 | 780b 0749 | 8b87 0005 | 0000 49c7 | 8700 0500 | 0000 0000 | 0049 c787 | 0805 0000 
  0x0000018be2a2dee4: 0000 0000 | 4883 c460 

  0x0000018be2a2deec: ;   {runtime_call unwind_exception Runtime1 stub}
  0x0000018be2a2deec: 5de9 8ecc | 1607 f4f4 | f4f4 f4f4 
[Stub Code]
  0x0000018be2a2def8: ;   {no_reloc}
  0x0000018be2a2def8: 48bb 0000 | 0000 0000 

  0x0000018be2a2df00: ;   {runtime_call}
  0x0000018be2a2df00: 0000 e9fb 

  0x0000018be2a2df04: ;   {runtime_call handle_exception_from_callee Runtime1 stub}
  0x0000018be2a2df04: ffff ffe8 | 74f9 1607 

  0x0000018be2a2df0c: ;   {external_word}
  0x0000018be2a2df0c: 48b9 c03f | b735 fb7f | 0000 4883 

  0x0000018be2a2df18: ;   {runtime_call}
  0x0000018be2a2df18: e4f0 48b8 | 002e 8635 | fb7f 0000 

  0x0000018be2a2df24: ;   {section_word}
  0x0000018be2a2df24: ffd0 f449 | ba27 dfa2 | e28b 0100 

  0x0000018be2a2df30: ;   {runtime_call DeoptimizationBlob}
  0x0000018be2a2df30: 0041 52e9 | 686a 0b07 
[/MachCode]


Compiled method (c1)  908075 2472   !   3       java.lang.invoke.MethodHandles$Lookup$ClassDefiner::defineClass (213 bytes)
 total in heap  [0x0000018be2a2bc90,0x0000018be2a2cd48] = 4280
 relocation     [0x0000018be2a2bdf0,0x0000018be2a2bef8] = 264
 main code      [0x0000018be2a2bf00,0x0000018be2a2c830] = 2352
 stub code      [0x0000018be2a2c830,0x0000018be2a2c8a8] = 120
 metadata       [0x0000018be2a2c8a8,0x0000018be2a2c928] = 128
 scopes data    [0x0000018be2a2c928,0x0000018be2a2cb18] = 496
 scopes pcs     [0x0000018be2a2cb18,0x0000018be2a2cc98] = 384
 dependencies   [0x0000018be2a2cc98,0x0000018be2a2ccc0] = 40
 handler table  [0x0000018be2a2ccc0,0x0000018be2a2cd08] = 72
 nul chk table  [0x0000018be2a2cd08,0x0000018be2a2cd48] = 64

[Constant Pool (empty)]

[MachCode]
[Entry Point]
  # {method} {0x0000018bf84564a8} 'defineClass' '(ZLjava/lang/Object;)Ljava/lang/Class;' in 'java/lang/invoke/MethodHandles$Lookup$ClassDefiner'
  # this:     rdx:rdx   = 'java/lang/invoke/MethodHandles$Lookup$ClassDefiner'
  # parm0:    r8        = boolean
  # parm1:    r9:r9     = 'java/lang/Object'
  #           [sp+0xf0]  (sp of caller)
  0x0000018be2a2bf00: 448b 5208 | 49c1 e203 

  0x0000018be2a2bf08: ;   {runtime_call ic_miss_stub}
  0x0000018be2a2bf08: 4c3b d00f | 856f 280b | 0766 6666 | 0f1f 8400 | 0000 0000 | 6666 6690 
[Verified Entry Point]
  0x0000018be2a2bf20: 8984 2400 | 80ff ff55 | 4881 ece0 | 0000 0090 | 4181 7f20 | 1700 0000 

  0x0000018be2a2bf38: ;   {runtime_call StubRoutines (final stubs)}
  0x0000018be2a2bf38: 7405 e8e1 | db09 0748 | 8994 2498 | 0000 0044 | 8984 24b0 | 0000 004c | 898c 24b8 

  0x0000018be2a2bf54: ;   {metadata(method data for {method} {0x0000018bf84564a8} 'defineClass' '(ZLjava/lang/Object;)Ljava/lang/Class;' in 'java/lang/invoke/MethodHandles$Lookup$ClassDefiner')}
  0x0000018be2a2bf54: 0000 0048 | bee8 a23a | f98b 0100 | 008b becc | 0000 0083 | c702 89be | cc00 0000 | 81e7 fe07 
  0x0000018be2a2bf74: 0000 85ff | 0f84 f306 | 0000 8b72 | 1048 89b4 | 2490 0000 | 0048 3b06 

  0x0000018be2a2bf8c: ;   {metadata(method data for {method} {0x0000018bf84564a8} 'defineClass' '(ZLjava/lang/Object;)Ljava/lang/Class;' in 'java/lang/invoke/MethodHandles$Lookup$ClassDefiner')}
  0x0000018be2a2bf8c: 488b fe48 | bbe8 a23a | f98b 0100 | 0048 8383 | 1001 0000 | 018b 7e10 | 4889 bc24 | a800 0000 
  0x0000018be2a2bfac: ; implicit exception: dispatches to 0x0000018be2a2c697
  0x0000018be2a2bfac: 483b 0748 

  0x0000018be2a2bfb0: ;   {metadata(method data for {method} {0x0000018bf84564a8} 'defineClass' '(ZLjava/lang/Object;)Ljava/lang/Class;' in 'java/lang/invoke/MethodHandles$Lookup$ClassDefiner')}
  0x0000018be2a2bfb0: 8bdf 48b8 | e8a2 3af9 | 8b01 0000 | 4883 8048 | 0100 0001 

  0x0000018be2a2bfc4: ;   {metadata(method data for {method} {0x0000018bf8017c40} 'getClassLoader' '()Ljava/lang/ClassLoader;' in 'java/lang/Class')}
  0x0000018be2a2bfc4: 48bb e0ca | 49f8 8b01 | 0000 8b83 | cc00 0000 | 83c0 0289 | 83cc 0000 | 0025 feff | 1f00 85c0 
  0x0000018be2a2bfe4: 0f84 b206 | 0000 8b5f | 3448 85db 

  0x0000018be2a2bff0: ;   {metadata(method data for {method} {0x0000018bf8017c40} 'getClassLoader' '()Ljava/lang/ClassLoader;' in 'java/lang/Class')}
  0x0000018be2a2bff0: 48b8 e0ca | 49f8 8b01 | 0000 48b9 | 1001 0000 | 0000 0000 | 750a 48b9 | 2001 0000 | 0000 0000 
  0x0000018be2a2c010: 4c8b 1c08 | 4d8d 5b01 | 4c89 1c08 | 0f85 0f00 

  0x0000018be2a2c020: ;   {oop(nullptr)}
  0x0000018be2a2c020: 0000 48bb | 0000 0000 | 0000 0000 | e9a2 0000 

  0x0000018be2a2c030: ;   {metadata(method data for {method} {0x0000018bf8017c40} 'getClassLoader' '()Ljava/lang/ClassLoader;' in 'java/lang/Class')}
  0x0000018be2a2c030: 0048 b8e0 | ca49 f88b | 0100 0048 | 8380 3001 

  0x0000018be2a2c040: ;   {metadata(method data for {method} {0x0000018bf802bbe8} 'getSecurityManager' '()Ljava/lang/SecurityManager;' in 'java/lang/System')}
  0x0000018be2a2c040: 0000 0148 | b8d0 cc49 | f88b 0100 | 008b 88cc | 0000 0083 | c102 8988 | cc00 0000 | 81e1 feff 
  0x0000018be2a2c060: 1f00 85c9 | 0f84 5306 

  0x0000018be2a2c068: ;   {metadata(method data for {method} {0x0000018bf802bbe8} 'getSecurityManager' '()Ljava/lang/SecurityManager;' in 'java/lang/System')}
  0x0000018be2a2c068: 0000 48b8 | d0cc 49f8 | 8b01 0000 | 4883 8010 | 0100 0001 

  0x0000018be2a2c07c: ;   {metadata(method data for {method} {0x0000018bf802b020} 'allowSecurityManager' '()Z' in 'java/lang/System')}
  0x0000018be2a2c07c: 48b8 48ce | 49f8 8b01 | 0000 8b88 | cc00 0000 | 83c1 0289 | 88cc 0000 | 0081 e1fe | ff1f 0085 
  0x0000018be2a2c09c: c90f 843b 

  0x0000018be2a2c0a0: ;   {metadata(method data for {method} {0x0000018bf802b020} 'allowSecurityManager' '()Z' in 'java/lang/System')}
  0x0000018be2a2c0a0: 0600 0048 | b848 ce49 | f88b 0100 | 00ff 8010 

  0x0000018be2a2c0b0: ;   {metadata(method data for {method} {0x0000018bf802bbe8} 'getSecurityManager' '()Ljava/lang/SecurityManager;' in 'java/lang/System')}
  0x0000018be2a2c0b0: 0100 0048 | b8d0 cc49 | f88b 0100 | 00ff 8020 

  0x0000018be2a2c0c0: ;   {metadata(method data for {method} {0x0000018bf8017c40} 'getClassLoader' '()Ljava/lang/ClassLoader;' in 'java/lang/Class')}
  0x0000018be2a2c0c0: 0100 0048 | b8e0 ca49 | f88b 0100 | 00ff 8040 | 0100 0048 

  0x0000018be2a2c0d4: ;   {metadata(method data for {method} {0x0000018bf84564a8} 'defineClass' '(ZLjava/lang/Object;)Ljava/lang/Class;' in 'java/lang/invoke/MethodHandles$Lookup$ClassDefiner')}
  0x0000018be2a2c0d4: 85db 48b8 | e8a2 3af9 | 8b01 0000 | 48b9 8001 | 0000 0000 | 0000 740a | 48b9 9001 | 0000 0000 
  0x0000018be2a2c0f4: 0000 4c8b | 1c08 4d8d | 5b01 4c89 | 1c08 0f84 | b901 0000 

  0x0000018be2a2c108: ;   {metadata(method data for {method} {0x0000018bf84564a8} 'defineClass' '(ZLjava/lang/Object;)Ljava/lang/Class;' in 'java/lang/invoke/MethodHandles$Lookup$ClassDefiner')}
  0x0000018be2a2c108: 488b c648 | b9e8 a23a | f98b 0100 | 0048 8381 | a001 0000 

  0x0000018be2a2c11c: ;   {metadata(method data for {method} {0x0000018bf82bdd50} 'lookupClassProtectionDomain' '()Ljava/security/ProtectionDomain;' in 'java/lang/invoke/MethodHandles$Lookup')}
  0x0000018be2a2c11c: 0148 b820 | a93a f98b | 0100 008b | 88cc 0000 | 0083 c102 | 8988 cc00 | 0000 81e1 | feff 1f00 
  0x0000018be2a2c13c: 85c9 0f84 | bb05 0000 | 8b46 1848 

  0x0000018be2a2c148: ;   {metadata(method data for {method} {0x0000018bf82bdd50} 'lookupClassProtectionDomain' '()Ljava/security/ProtectionDomain;' in 'java/lang/invoke/MethodHandles$Lookup')}
  0x0000018be2a2c148: 85c0 48b9 | 20a9 3af9 | 8b01 0000 | 49bb 1001 | 0000 0000 | 0000 750a | 49bb 2001 | 0000 0000 
  0x0000018be2a2c168: 0000 4e8b | 2c19 4d8d | 6d01 4e89 | 2c19 4889 | 9c24 a000 | 0000 0f85 | 2701 0000 

  0x0000018be2a2c184: ;   {metadata(method data for {method} {0x0000018bf82bdd50} 'lookupClassProtectionDomain' '()Ljava/security/ProtectionDomain;' in 'java/lang/invoke/MethodHandles$Lookup')}
  0x0000018be2a2c184: 48b8 20a9 | 3af9 8b01 | 0000 4883 | 8030 0100 

  0x0000018be2a2c194: ;   {metadata(method data for {method} {0x0000018bf8187f08} 'getJavaLangAccess' '()Ljdk/internal/access/JavaLangAccess;' in 'jdk/internal/access/SharedSecrets')}
  0x0000018be2a2c194: 0001 48b8 | d07c 9af8 | 8b01 0000 | 8b88 cc00 | 0000 83c1 | 0289 88cc | 0000 0081 | e1fe ff1f 
  0x0000018be2a2c1b4: 0085 c90f | 8463 0500 

  0x0000018be2a2c1bc: ;   {oop(a 'java/lang/Class'{0x0000000080d04920} = 'jdk/internal/access/SharedSecrets')}
  0x0000018be2a2c1bc: 0048 b820 | 49d0 8000 | 0000 008b | 407c 8b4e | 1048 85c0 | 0f84 2100 

  0x0000018be2a2c1d4: ;   {metadata('java/lang/System$2')}
  0x0000018be2a2c1d4: 0000 48be | e049 0600 | 0100 0000 | 448b 7008 | 49c1 e603 | 493b 7638 | 0f85 4f05 | 0000 e900 
  0x0000018be2a2c1f4: 0000 004c | 8bd8 483b 

  0x0000018be2a2c1fc: ;   {metadata(method data for {method} {0x0000018bf82bdd50} 'lookupClassProtectionDomain' '()Ljava/security/ProtectionDomain;' in 'java/lang/invoke/MethodHandles$Lookup')}
  0x0000018be2a2c1fc: 0048 be20 | a93a f98b 

  0x0000018be2a2c204: ;   {metadata('java/lang/System$2')}
  0x0000018be2a2c204: 0100 0049 | bae0 4906 | 0001 0000 | 004c 8996 | 5001 0000 | 4883 8658 | 0100 0001 

  0x0000018be2a2c220: ;   {metadata(method data for {method} {0x0000018bf81ad5f0} 'protectionDomain' '(Ljava/lang/Class;)Ljava/security/ProtectionDomain;' in 'java/lang/System$2')}
  0x0000018be2a2c220: 48be d8aa | 3af9 8b01 | 0000 8b86 | cc00 0000 | 83c0 0289 | 86cc 0000 | 0025 feff | 1f00 85c0 
  0x0000018be2a2c240: 0f84 0505 | 0000 483b | 0148 8bf1 

  0x0000018be2a2c24c: ;   {metadata(method data for {method} {0x0000018bf81ad5f0} 'protectionDomain' '(Ljava/lang/Class;)Ljava/security/ProtectionDomain;' in 'java/lang/System$2')}
  0x0000018be2a2c24c: 48b8 d8aa | 3af9 8b01 | 0000 4883 | 8010 0100 | 0001 488b | d166 0f1f 

  0x0000018be2a2c264: ;   {optimized virtual_call}
  0x0000018be2a2c264: 4400 00e8 

  0x0000018be2a2c268: ; ImmutableOopMap {[144]=Oop [152]=Oop [160]=Oop [168]=Oop [184]=Oop }
                      ;*invokevirtual protectionDomain {reexecute=0 rethrow=0 return_oop=0}
                      ; - java.lang.System$2::protectionDomain@1
                      ; - java.lang.invoke.MethodHandles$Lookup::lookupClassProtectionDomain@17
                      ; - java.lang.invoke.MethodHandles$Lookup$ClassDefiner::defineClass@23
  0x0000018be2a2c268: 14df 2800 

  0x0000018be2a2c26c: ;   {other}
  0x0000018be2a2c26c: 0f1f 8400 | dc05 0000 | 450f be47 | 4045 85c0 | 488b b424 | 9000 0000 | 0f85 e704 | 0000 4c8b 
  0x0000018be2a2c28c: d044 8956 | 18f0 8344 | 24c0 004c | 8bc6 4c33 | c049 c1e8 | 1449 83f8 | 000f 85e2 

  0x0000018be2a2c2a8: ;   {metadata(method data for {method} {0x0000018bf84564a8} 'defineClass' '(ZLjava/lang/Object;)Ljava/lang/Class;' in 'java/lang/invoke/MethodHandles$Lookup$ClassDefiner')}
  0x0000018be2a2c2a8: 0400 0049 | b8e8 a23a | f98b 0100 | 0041 ff80 | d801 0000 | e912 0000 | 0048 899c | 24a0 0000 
  0x0000018be2a2c2c8: ;   {oop(nullptr)}
  0x0000018be2a2c2c8: 0048 b800 | 0000 0000 | 0000 0048 | 8b9c 24a0 | 0000 0048 | 8bbc 24a8 | 0000 0048 | 8b94 2498 
  0x0000018be2a2c2e8: ;   {metadata(method data for {method} {0x0000018bf84564a8} 'defineClass' '(ZLjava/lang/Object;)Ljava/lang/Class;' in 'java/lang/invoke/MethodHandles$Lookup$ClassDefiner')}
  0x0000018be2a2c2e8: 0000 0049 | b8e8 a23a | f98b 0100 | 0049 8380 | f001 0000 

  0x0000018be2a2c2fc: ;   {metadata(method data for {method} {0x0000018bf8187f08} 'getJavaLangAccess' '()Ljdk/internal/access/JavaLangAccess;' in 'jdk/internal/access/SharedSecrets')}
  0x0000018be2a2c2fc: 0149 b8d0 | 7c9a f88b | 0100 0045 | 8b88 cc00 | 0000 4183 | c102 4589 | 88cc 0000 | 0041 81e1 
  0x0000018be2a2c31c: feff 1f00 | 4585 c90f | 847c 0400 

  0x0000018be2a2c328: ;   {oop(a 'java/lang/Class'{0x0000000080d04920} = 'jdk/internal/access/SharedSecrets')}
  0x0000018be2a2c328: 0049 b820 | 49d0 8000 | 0000 0045 | 8b70 7c8b | 7214 8b4a | 1844 8b4a | 0c4d 85f6 | 0f84 2100 
  0x0000018be2a2c348: ;   {metadata('java/lang/System$2')}
  0x0000018be2a2c348: 0000 49bb | e049 0600 | 0100 0000 | 458b 6e08 | 49c1 e503 | 4d3b 5d38 | 0f85 6004 | 0000 e900 
  0x0000018be2a2c368: 0000 004d | 8bc6 493b | 064d 8bc6 

  0x0000018be2a2c374: ;   {metadata(method data for {method} {0x0000018bf84564a8} 'defineClass' '(ZLjava/lang/Object;)Ljava/lang/Class;' in 'java/lang/invoke/MethodHandles$Lookup$ClassDefiner')}
  0x0000018be2a2c374: 48ba e8a2 | 3af9 8b01 

  0x0000018be2a2c37c: ;   {metadata('java/lang/System$2')}
  0x0000018be2a2c37c: 0000 49ba | e049 0600 | 0100 0000 | 4c89 9210 | 0200 0048 | 8382 1802 | 0000 014c | 8bc3 498b 
  0x0000018be2a2c39c: d14c 8bcf | 488b fe48 | 8bf1 488b | c88b 8424 | b000 0000 | 8904 2489 | 5424 0848 | 8b94 24b8 
  0x0000018be2a2c3bc: 0000 0048 | 8954 2410 

  0x0000018be2a2c3c4: ;   {optimized virtual_call}
  0x0000018be2a2c3c4: 498b d6e8 

  0x0000018be2a2c3c8: ; ImmutableOopMap {[152]=Oop [168]=Oop }
                      ;*invokeinterface defineClass {reexecute=0 rethrow=0 return_oop=0}
                      ; - java.lang.invoke.MethodHandles$Lookup$ClassDefiner::defineClass@57
  0x0000018be2a2c3c8: 141a 0000 

  0x0000018be2a2c3cc: ;   {other}
  0x0000018be2a2c3cc: 0f1f 8400 | 3c07 0001 

  0x0000018be2a2c3d4: ;   {metadata(method data for {method} {0x0000018bf84564a8} 'defineClass' '(ZLjava/lang/Object;)Ljava/lang/Class;' in 'java/lang/invoke/MethodHandles$Lookup$ClassDefiner')}
  0x0000018be2a2c3d4: 49b8 e8a2 | 3af9 8b01 | 0000 41ff | 8038 0200 | 0048 8b94 | 2498 0000 | 008b 721c 

  0x0000018be2a2c3f0: ; implicit exception: dispatches to 0x0000018be2a2c7d0
  0x0000018be2a2c3f0: 483b 064c 

  0x0000018be2a2c3f4: ;   {metadata(method data for {method} {0x0000018bf84564a8} 'defineClass' '(ZLjava/lang/Object;)Ljava/lang/Class;' in 'java/lang/invoke/MethodHandles$Lookup$ClassDefiner')}
  0x0000018be2a2c3f4: 8bc6 49b9 | e8a2 3af9 | 8b01 0000 | 4983 8150 | 0300 0001 | 440f be46 | 0c41 83e0 | 0145 85c0 
  0x0000018be2a2c414: ;   {metadata(method data for {method} {0x0000018bf84564a8} 'defineClass' '(ZLjava/lang/Object;)Ljava/lang/Class;' in 'java/lang/invoke/MethodHandles$Lookup$ClassDefiner')}
  0x0000018be2a2c414: 49b8 e8a2 | 3af9 8b01 | 0000 49b9 | 8803 0000 | 0000 0000 | 740a 49b9 | 9803 0000 | 0000 0000 
  0x0000018be2a2c434: 4b8b 3c08 | 488d 7f01 | 4b89 3c08 | 0f84 d601 | 0000 4c8b 

  0x0000018be2a2c448: ;   {metadata(method data for {method} {0x0000018bf84564a8} 'defineClass' '(ZLjava/lang/Object;)Ljava/lang/Class;' in 'java/lang/invoke/MethodHandles$Lookup$ClassDefiner')}
  0x0000018be2a2c448: c249 b9e8 | a23a f98b 

  0x0000018be2a2c450: ;   {metadata('java/lang/invoke/MethodHandles$Lookup$ClassDefiner')}
  0x0000018be2a2c450: 0100 0049 | baa8 2301 | 0001 0000 | 004d 8991 | b803 0000 | 4983 81c0 | 0300 0001 | 8b7a 1448 
  0x0000018be2a2c470: ;   {metadata(method data for {method} {0x0000018bf84564a8} 'defineClass' '(ZLjava/lang/Object;)Ljava/lang/Class;' in 'java/lang/invoke/MethodHandles$Lookup$ClassDefiner')}
  0x0000018be2a2c470: 85c0 49b8 | e8a2 3af9 | 8b01 0000 | 49b9 e003 | 0000 0000 | 0000 740a | 49b9 f003 | 0000 0000 
  0x0000018be2a2c490: 0000 4b8b | 1c08 488d | 5b01 4b89 | 1c08 0f84 | 3701 0000 | e9c3 0000 | 0048 8b94 | 2498 0000 
  0x0000018be2a2c4b0: 0049 8b87 | 0005 0000 | 4d33 d24d | 8997 0005 | 0000 4d33 | d24d 8997 | 0805 0000 | 8b72 1c48 
  0x0000018be2a2c4d0: 3b06 4c8b 

  0x0000018be2a2c4d4: ;   {metadata(method data for {method} {0x0000018bf84564a8} 'defineClass' '(ZLjava/lang/Object;)Ljava/lang/Class;' in 'java/lang/invoke/MethodHandles$Lookup$ClassDefiner')}
  0x0000018be2a2c4d4: c649 b9e8 | a23a f98b | 0100 0049 | 8381 8804 | 0000 0144 | 0fbe 460c | 4183 e001 

  0x0000018be2a2c4f0: ;   {metadata(method data for {method} {0x0000018bf84564a8} 'defineClass' '(ZLjava/lang/Object;)Ljava/lang/Class;' in 'java/lang/invoke/MethodHandles$Lookup$ClassDefiner')}
  0x0000018be2a2c4f0: 4585 c049 | b8e8 a23a | f98b 0100 | 0049 b9c0 | 0400 0000 | 0000 0074 | 0a49 b9d0 | 0400 0000 
  0x0000018be2a2c510: 0000 004b | 8b3c 0848 | 8d7f 014b | 893c 080f | 8447 0100 | 004c 8bc2 

  0x0000018be2a2c528: ;   {metadata(method data for {method} {0x0000018bf84564a8} 'defineClass' '(ZLjava/lang/Object;)Ljava/lang/Class;' in 'java/lang/invoke/MethodHandles$Lookup$ClassDefiner')}
  0x0000018be2a2c528: 49b9 e8a2 | 3af9 8b01 

  0x0000018be2a2c530: ;   {metadata('java/lang/invoke/MethodHandles$Lookup$ClassDefiner')}
  0x0000018be2a2c530: 0000 49ba | a823 0100 | 0100 0000 | 4d89 91f0 | 0400 0049 | 8381 f804 | 0000 018b 

  0x0000018be2a2c54c: ;   {metadata(method data for {method} {0x0000018bf84564a8} 'defineClass' '(ZLjava/lang/Object;)Ljava/lang/Class;' in 'java/lang/invoke/MethodHandles$Lookup$ClassDefiner')}
  0x0000018be2a2c54c: 7a14 49b8 | e8a2 3af9 | 8b01 0000 | 41ff 8018 | 0500 0048 | 8984 24c8 | 0000 00e9 | c600 0000 
  0x0000018be2a2c56c: 8b52 184c 

  0x0000018be2a2c570: ;   {metadata(method data for {method} {0x0000018bf84564a8} 'defineClass' '(ZLjava/lang/Object;)Ljava/lang/Class;' in 'java/lang/invoke/MethodHandles$Lookup$ClassDefiner')}
  0x0000018be2a2c570: 8bc6 49b9 | e8a2 3af9 | 8b01 0000 | 4983 8100 | 0400 0001 | 4c8b c74c | 8bc8 488b | fa48 8bd6 
  0x0000018be2a2c590: 4889 8424 | c000 0000 | 0f1f 8000 

  0x0000018be2a2c59c: ;   {optimized virtual_call}
  0x0000018be2a2c59c: 0000 00e8 

  0x0000018be2a2c5a0: ; ImmutableOopMap {[192]=Oop }
                      ;*invokevirtual dumpClass {reexecute=0 rethrow=0 return_oop=0}
                      ; - java.lang.invoke.MethodHandles$Lookup$ClassDefiner::defineClass@134
  0x0000018be2a2c5a0: dc24 0b07 

  0x0000018be2a2c5a4: ;   {other}
  0x0000018be2a2c5a4: 0f1f 8400 | 1409 0002 

  0x0000018be2a2c5ac: ;   {metadata(method data for {method} {0x0000018bf84564a8} 'defineClass' '(ZLjava/lang/Object;)Ljava/lang/Class;' in 'java/lang/invoke/MethodHandles$Lookup$ClassDefiner')}
  0x0000018be2a2c5ac: 49b8 e8a2 | 3af9 8b01 | 0000 41ff | 8038 0400 | 0048 8b84 | 24c0 0000 | 0048 81c4 | e000 0000 
  0x0000018be2a2c5cc: ;   {poll_return}
  0x0000018be2a2c5cc: 5d49 3ba7 | 5004 0000 | 0f87 0002 | 0000 c348 | 8984 24c0 | 0000 0044 | 8b4a 184c 

  0x0000018be2a2c5e8: ;   {metadata(method data for {method} {0x0000018bf84564a8} 'defineClass' '(ZLjava/lang/Object;)Ljava/lang/Class;' in 'java/lang/invoke/MethodHandles$Lookup$ClassDefiner')}
  0x0000018be2a2c5e8: 8bc6 48ba | e8a2 3af9 | 8b01 0000 | 4883 8250 | 0400 0001 | 4c8b c748 | 8bd6 0f1f 

  0x0000018be2a2c604: ;   {optimized virtual_call}
  0x0000018be2a2c604: 4400 00e8 

  0x0000018be2a2c608: ; ImmutableOopMap {[192]=Oop }
                      ;*invokevirtual dumpFailedClass {reexecute=0 rethrow=0 return_oop=0}
                      ; - java.lang.invoke.MethodHandles$Lookup$ClassDefiner::defineClass@150
  0x0000018be2a2c608: 7424 0b07 

  0x0000018be2a2c60c: ;   {other}
  0x0000018be2a2c60c: 0f1f 8400 | 7c09 0003 | 488b 8424 | c000 0000 | 4881 c4e0 | 0000 005d 

  0x0000018be2a2c624: ;   {poll_return}
  0x0000018be2a2c624: 493b a750 | 0400 000f | 87bf 0100 | 00c3 448b | 4a18 4c8b 

  0x0000018be2a2c638: ;   {metadata(method data for {method} {0x0000018bf84564a8} 'defineClass' '(ZLjava/lang/Object;)Ljava/lang/Class;' in 'java/lang/invoke/MethodHandles$Lookup$ClassDefiner')}
  0x0000018be2a2c638: c648 bae8 | a23a f98b | 0100 0048 | 8382 8805 | 0000 014c | 8bc7 488b | d666 0f1f 

  0x0000018be2a2c654: ;   {optimized virtual_call}
  0x0000018be2a2c654: 4400 00e8 

  0x0000018be2a2c658: ; ImmutableOopMap {[200]=Oop }
                      ;*invokevirtual dumpFailedClass {reexecute=0 rethrow=0 return_oop=0}
                      ; - java.lang.invoke.MethodHandles$Lookup$ClassDefiner::defineClass@207
  0x0000018be2a2c658: 2424 0b07 

  0x0000018be2a2c65c: ;   {other}
  0x0000018be2a2c65c: 0f1f 8400 | cc09 0004 | 488b 8424 | c800 0000 | e9b2 0100 

  0x0000018be2a2c670: ;   {metadata({method} {0x0000018bf84564a8} 'defineClass' '(ZLjava/lang/Object;)Ljava/lang/Class;' in 'java/lang/invoke/MethodHandles$Lookup$ClassDefiner')}
  0x0000018be2a2c670: 0049 baa0 | 6445 f88b | 0100 004c | 8954 2408 | 48c7 0424 | ffff ffff 

  0x0000018be2a2c688: ;   {runtime_call counter_overflow Runtime1 stub}
  0x0000018be2a2c688: e8f3 4417 

  0x0000018be2a2c68c: ; ImmutableOopMap {rdx=Oop r9=Oop [152]=Oop [184]=Oop }
                      ;*synchronization entry
                      ; - java.lang.invoke.MethodHandles$Lookup$ClassDefiner::defineClass@-1
  0x0000018be2a2c68c: 07e9 ecf8 

  0x0000018be2a2c690: ;   {runtime_call throw_null_pointer_exception Runtime1 stub}
  0x0000018be2a2c690: ffff e8e9 

  0x0000018be2a2c694: ; ImmutableOopMap {rdx=Oop r9=Oop rsi=Oop [144]=Oop [152]=Oop [184]=Oop }
                      ;*invokevirtual lookupClass {reexecute=0 rethrow=0 return_oop=0}
                      ; - java.lang.invoke.MethodHandles$Lookup$ClassDefiner::defineClass@4
                      ;   {runtime_call throw_null_pointer_exception Runtime1 stub}
  0x0000018be2a2c694: f316 07e8 

  0x0000018be2a2c698: ; ImmutableOopMap {rdx=Oop r9=Oop rsi=Oop rdi=Oop [144]=Oop [152]=Oop [168]=Oop [184]=Oop }
                      ;*invokevirtual getClassLoader {reexecute=0 rethrow=0 return_oop=0}
                      ; - java.lang.invoke.MethodHandles$Lookup$ClassDefiner::defineClass@9
  0x0000018be2a2c698: e4f3 1607 

  0x0000018be2a2c69c: ;   {metadata({method} {0x0000018bf8017c40} 'getClassLoader' '()Ljava/lang/ClassLoader;' in 'java/lang/Class')}
  0x0000018be2a2c69c: 49ba 387c | 01f8 8b01 | 0000 4c89 | 5424 0848 | c704 24ff 

  0x0000018be2a2c6b0: ;   {runtime_call counter_overflow Runtime1 stub}
  0x0000018be2a2c6b0: ffff ffe8 

  0x0000018be2a2c6b4: ; ImmutableOopMap {rdx=Oop r9=Oop rsi=Oop rdi=Oop [144]=Oop [152]=Oop [168]=Oop [184]=Oop }
                      ;*synchronization entry
                      ; - java.lang.Class::getClassLoader@-1
                      ; - java.lang.invoke.MethodHandles$Lookup$ClassDefiner::defineClass@9
  0x0000018be2a2c6b4: c844 1707 | e92d f9ff 

  0x0000018be2a2c6bc: ;   {metadata({method} {0x0000018bf802bbe8} 'getSecurityManager' '()Ljava/lang/SecurityManager;' in 'java/lang/System')}
  0x0000018be2a2c6bc: ff49 bae0 | bb02 f88b | 0100 004c | 8954 2408 | 48c7 0424 | ffff ffff 

  0x0000018be2a2c6d4: ;   {runtime_call counter_overflow Runtime1 stub}
  0x0000018be2a2c6d4: e8a7 4417 

  0x0000018be2a2c6d8: ; ImmutableOopMap {rdx=Oop r9=Oop rsi=Oop rdi=Oop rbx=Oop [144]=Oop [152]=Oop [168]=Oop [184]=Oop }
                      ;*synchronization entry
                      ; - java.lang.System::getSecurityManager@-1
                      ; - java.lang.Class::getClassLoader@11
                      ; - java.lang.invoke.MethodHandles$Lookup$ClassDefiner::defineClass@9
  0x0000018be2a2c6d8: 07e9 8cf9 

  0x0000018be2a2c6dc: ;   {metadata({method} {0x0000018bf802b020} 'allowSecurityManager' '()Z' in 'java/lang/System')}
  0x0000018be2a2c6dc: ffff 49ba | 18b0 02f8 | 8b01 0000 | 4c89 5424 | 0848 c704 | 24ff ffff 

  0x0000018be2a2c6f4: ;   {runtime_call counter_overflow Runtime1 stub}
  0x0000018be2a2c6f4: ffe8 8644 

  0x0000018be2a2c6f8: ; ImmutableOopMap {rdx=Oop r9=Oop rsi=Oop rdi=Oop rbx=Oop [144]=Oop [152]=Oop [168]=Oop [184]=Oop }
                      ;*synchronization entry
                      ; - java.lang.System::allowSecurityManager@-1
                      ; - java.lang.System::getSecurityManager@0
                      ; - java.lang.Class::getClassLoader@11
                      ; - java.lang.invoke.MethodHandles$Lookup$ClassDefiner::defineClass@9
  0x0000018be2a2c6f8: 1707 e9a4 

  0x0000018be2a2c6fc: ;   {metadata({method} {0x0000018bf82bdd50} 'lookupClassProtectionDomain' '()Ljava/security/ProtectionDomain;' in 'java/lang/invoke/MethodHandles$Lookup')}
  0x0000018be2a2c6fc: f9ff ff49 | ba48 dd2b | f88b 0100 | 004c 8954 | 2408 48c7 | 0424 ffff 

  0x0000018be2a2c714: ;   {runtime_call counter_overflow Runtime1 stub}
  0x0000018be2a2c714: ffff e865 

  0x0000018be2a2c718: ; ImmutableOopMap {rdx=Oop r9=Oop rsi=Oop rdi=Oop rbx=Oop [144]=Oop [152]=Oop [168]=Oop [184]=Oop }
                      ;*synchronization entry
                      ; - java.lang.invoke.MethodHandles$Lookup::lookupClassProtectionDomain@-1
                      ; - java.lang.invoke.MethodHandles$Lookup$ClassDefiner::defineClass@23
  0x0000018be2a2c718: 4417 07e9 | 24fa ffff 

  0x0000018be2a2c720: ;   {metadata({method} {0x0000018bf8187f08} 'getJavaLangAccess' '()Ljdk/internal/access/JavaLangAccess;' in 'jdk/internal/access/SharedSecrets')}
  0x0000018be2a2c720: 49ba 007f | 18f8 8b01 | 0000 4c89 | 5424 0848 | c704 24ff 

  0x0000018be2a2c734: ;   {runtime_call counter_overflow Runtime1 stub}
  0x0000018be2a2c734: ffff ffe8 

  0x0000018be2a2c738: ; ImmutableOopMap {rsi=Oop [144]=Oop [152]=Oop [160]=Oop [168]=Oop [184]=Oop }
                      ;*synchronization entry
                      ; - jdk.internal.access.SharedSecrets::getJavaLangAccess@-1
                      ; - java.lang.invoke.MethodHandles$Lookup::lookupClassProtectionDomain@10
                      ; - java.lang.invoke.MethodHandles$Lookup$ClassDefiner::defineClass@23
  0x0000018be2a2c738: 4444 1707 | e97c faff 

  0x0000018be2a2c740: ;   {runtime_call throw_incompatible_class_change_error Runtime1 stub}
  0x0000018be2a2c740: ffe8 3a1a 

  0x0000018be2a2c744: ; ImmutableOopMap {rax=Oop rcx=Oop [144]=Oop [152]=Oop [160]=Oop [168]=Oop [184]=Oop }
                      ;*invokeinterface protectionDomain {reexecute=0 rethrow=0 return_oop=0}
                      ; - java.lang.invoke.MethodHandles$Lookup::lookupClassProtectionDomain@17
                      ; - java.lang.invoke.MethodHandles$Lookup$ClassDefiner::defineClass@23
                      ;   {runtime_call throw_null_pointer_exception Runtime1 stub}
  0x0000018be2a2c744: 1707 e835 

  0x0000018be2a2c748: ; ImmutableOopMap {rax=Oop rcx=Oop [144]=Oop [152]=Oop [160]=Oop [168]=Oop [184]=Oop }
                      ;*invokeinterface protectionDomain {reexecute=0 rethrow=0 return_oop=0}
                      ; - java.lang.invoke.MethodHandles$Lookup::lookupClassProtectionDomain@17
                      ; - java.lang.invoke.MethodHandles$Lookup$ClassDefiner::defineClass@23
                      ;   {metadata({method} {0x0000018bf81ad5f0} 'protectionDomain' '(Ljava/lang/Class;)Ljava/security/ProtectionDomain;' in 'java/lang/System$2')}
  0x0000018be2a2c748: f316 0749 | bae8 d51a | f88b 0100 | 004c 8954 | 2408 48c7 | 0424 ffff 

  0x0000018be2a2c760: ;   {runtime_call counter_overflow Runtime1 stub}
  0x0000018be2a2c760: ffff e819 

  0x0000018be2a2c764: ; ImmutableOopMap {rcx=Oop [144]=Oop [152]=Oop [160]=Oop [168]=Oop [184]=Oop }
                      ;*synchronization entry
                      ; - java.lang.System$2::protectionDomain@-1
                      ; - java.lang.invoke.MethodHandles$Lookup::lookupClassProtectionDomain@17
                      ; - java.lang.invoke.MethodHandles$Lookup$ClassDefiner::defineClass@23
  0x0000018be2a2c764: 4417 07e9 | dafa ffff 

  0x0000018be2a2c76c: ;   {runtime_call throw_null_pointer_exception Runtime1 stub}
  0x0000018be2a2c76c: e80f f316 

  0x0000018be2a2c770: ; ImmutableOopMap {rcx=Oop [144]=Oop [152]=Oop [160]=Oop [168]=Oop [184]=Oop }
                      ;*invokevirtual protectionDomain {reexecute=0 rethrow=0 return_oop=0}
                      ; - java.lang.System$2::protectionDomain@1
                      ; - java.lang.invoke.MethodHandles$Lookup::lookupClassProtectionDomain@17
                      ; - java.lang.invoke.MethodHandles$Lookup$ClassDefiner::defineClass@23
  0x0000018be2a2c770: 0744 8b46 | 1849 83f8 | 000f 840b | fbff ff4c 

  0x0000018be2a2c780: ;   {runtime_call g1_pre_barrier_slow}
  0x0000018be2a2c780: 8904 24e8 | f849 1707 | e9fd faff | ff48 83f8 | 000f 8414 | fbff ff48 

  0x0000018be2a2c798: ;   {runtime_call g1_post_barrier_slow}
  0x0000018be2a2c798: 8934 24e8 | e04c 1707 | e906 fbff 

  0x0000018be2a2c7a4: ;   {metadata({method} {0x0000018bf8187f08} 'getJavaLangAccess' '()Ljdk/internal/access/JavaLangAccess;' in 'jdk/internal/access/SharedSecrets')}
  0x0000018be2a2c7a4: ff49 ba00 | 7f18 f88b | 0100 004c | 8954 2408 | 48c7 0424 | ffff ffff 

  0x0000018be2a2c7bc: ;   {runtime_call counter_overflow Runtime1 stub}
  0x0000018be2a2c7bc: e8bf 4317 

  0x0000018be2a2c7c0: ; ImmutableOopMap {rax=Oop rdi=Oop rbx=Oop rdx=Oop [152]=Oop [168]=Oop [184]=Oop }
                      ;*synchronization entry
                      ; - jdk.internal.access.SharedSecrets::getJavaLangAccess@-1
                      ; - java.lang.invoke.MethodHandles$Lookup$ClassDefiner::defineClass@35
  0x0000018be2a2c7c0: 07e9 63fb 

  0x0000018be2a2c7c4: ;   {runtime_call throw_incompatible_class_change_error Runtime1 stub}
  0x0000018be2a2c7c4: ffff e8b5 

  0x0000018be2a2c7c8: ; ImmutableOopMap {rax=Oop rdi=Oop rbx=Oop r14=Oop rsi=Oop rcx=Oop [152]=Oop [168]=Oop [184]=Oop }
                      ;*invokeinterface defineClass {reexecute=0 rethrow=0 return_oop=0}
                      ; - java.lang.invoke.MethodHandles$Lookup$ClassDefiner::defineClass@57
                      ;   {runtime_call throw_null_pointer_exception Runtime1 stub}
  0x0000018be2a2c7c8: 1917 07e8 

  0x0000018be2a2c7cc: ; ImmutableOopMap {rax=Oop rdi=Oop rbx=Oop r14=Oop rsi=Oop rcx=Oop [152]=Oop [168]=Oop [184]=Oop }
                      ;*invokeinterface defineClass {reexecute=0 rethrow=0 return_oop=0}
                      ; - java.lang.invoke.MethodHandles$Lookup$ClassDefiner::defineClass@57
  0x0000018be2a2c7cc: b0f2 1607 

  0x0000018be2a2c7d0: ;   {runtime_call throw_null_pointer_exception Runtime1 stub}
  0x0000018be2a2c7d0: e8ab f216 

  0x0000018be2a2c7d4: ; ImmutableOopMap {rax=Oop rdx=Oop rsi=Oop [152]=Oop }
                      ;*invokevirtual isEnabled {reexecute=0 rethrow=0 return_oop=0}
                      ; - java.lang.invoke.MethodHandles$Lookup$ClassDefiner::defineClass@105
                      ;   {runtime_call throw_null_pointer_exception Runtime1 stub}
  0x0000018be2a2c7d4: 07e8 a6f2 

  0x0000018be2a2c7d8: ; ImmutableOopMap {rdx=Oop rax=Oop rsi=Oop [152]=Oop }
                      ;*invokevirtual isEnabled {reexecute=0 rethrow=0 return_oop=0}
                      ; - java.lang.invoke.MethodHandles$Lookup$ClassDefiner::defineClass@162
                      ;   {internal_word}
  0x0000018be2a2c7d8: 1607 49ba | cdc5 a2e2 | 8b01 0000 | 4d89 9768 

  0x0000018be2a2c7e8: ;   {runtime_call SafepointBlob}
  0x0000018be2a2c7e8: 0400 00e9 | 108f 0b07 

  0x0000018be2a2c7f0: ;   {internal_word}
  0x0000018be2a2c7f0: 49ba 24c6 | a2e2 8b01 | 0000 4d89 | 9768 0400 

  0x0000018be2a2c800: ;   {runtime_call SafepointBlob}
  0x0000018be2a2c800: 00e9 fa8e | 0b07 498b | 8700 0500 | 0049 c787 | 0005 0000 | 0000 0000 | 49c7 8708 | 0500 0000 
  0x0000018be2a2c820: 0000 0048 | 81c4 e000 

  0x0000018be2a2c828: ;   {runtime_call unwind_exception Runtime1 stub}
  0x0000018be2a2c828: 0000 5de9 | 50e3 1607 
[Stub Code]
  0x0000018be2a2c830: ;   {no_reloc}
  0x0000018be2a2c830: 0f1f 4400 

  0x0000018be2a2c834: ;   {static_stub}
  0x0000018be2a2c834: 0048 bb30 | bc1a f88b 

  0x0000018be2a2c83c: ;   {runtime_call I2C/C2I adapters}
  0x0000018be2a2c83c: 0100 00e9 | c9dc 0b07 

  0x0000018be2a2c844: ;   {static_stub}
  0x0000018be2a2c844: 48bb b8b6 | 01f8 8b01 

  0x0000018be2a2c84c: ;   {runtime_call I2C/C2I adapters}
  0x0000018be2a2c84c: 0000 e907 

  0x0000018be2a2c850: ;   {static_stub}
  0x0000018be2a2c850: 6c0b 0748 | bb00 0000 | 0000 0000 

  0x0000018be2a2c85c: ;   {runtime_call}
  0x0000018be2a2c85c: 00e9 fbff 

  0x0000018be2a2c860: ;   {static_stub}
  0x0000018be2a2c860: ffff 48bb | 0000 0000 | 0000 0000 

  0x0000018be2a2c86c: ;   {runtime_call}
  0x0000018be2a2c86c: e9fb ffff 

  0x0000018be2a2c870: ;   {runtime_call handle_exception_from_callee Runtime1 stub}
  0x0000018be2a2c870: ffe8 0a10 

  0x0000018be2a2c874: ;   {external_word}
  0x0000018be2a2c874: 1707 48b9 | c03f b735 | fb7f 0000 | 4883 e4f0 

  0x0000018be2a2c884: ;   {runtime_call}
  0x0000018be2a2c884: 48b8 002e | 8635 fb7f | 0000 ffd0 

  0x0000018be2a2c890: ;   {section_word}
  0x0000018be2a2c890: f449 ba91 | c8a2 e28b | 0100 0041 

  0x0000018be2a2c89c: ;   {runtime_call DeoptimizationBlob}
  0x0000018be2a2c89c: 52e9 fe80 | 0b07 f4f4 | f4f4 f4f4 
[/MachCode]


---------------  P R O C E S S  ---------------

Threads class SMR info:
_java_thread_list=0x0000018bfe2604f0, length=60, elements={
0x0000018bdd8d4090, 0x0000018bf74c3e80, 0x0000018bf7509990, 0x0000018bf7511fb0,
0x0000018bf74f2f10, 0x0000018bf74f4590, 0x0000018bf74f4ff0, 0x0000018bf74f5eb0,
0x0000018bf750a3f0, 0x0000018bf7635bf0, 0x0000018bf780de00, 0x0000018bfdc19fd0,
0x0000018bfdc88e90, 0x0000018bfdcd7510, 0x0000018bfddd1070, 0x0000018bfddd3140,
0x0000018bfddd37d0, 0x0000018bff805f60, 0x0000018bff8065f0, 0x0000018bff803e90,
0x0000018bff80b4b0, 0x0000018b80d11650, 0x0000018b80d16ba0, 0x0000018b80d17230,
0x0000018b80d17f50, 0x0000018bff5c19f0, 0x0000018bff5c2710, 0x0000018bff5c1360,
0x0000018bff5c2080, 0x0000018bff5c2da0, 0x0000018bff5c3430, 0x0000018bff5c0640,
0x0000018bff5c4150, 0x0000018bff5c0cd0, 0x0000018bff5c6220, 0x0000018bff5c6f40,
0x0000018bff5c7c60, 0x0000018b82ad7c90, 0x0000018bfea2e5a0, 0x0000018bfea2df10,
0x0000018bfea2cb60, 0x0000018bfea2ec30, 0x0000018bfea2d880, 0x0000018bfea2d1f0,
0x0000018bfea2b7b0, 0x0000018bfea30670, 0x0000018bfea320b0, 0x0000018bfea31a20,
0x0000018bfea32740, 0x0000018bfea2f2c0, 0x0000018bfea30d00, 0x0000018bfea32dd0,
0x0000018bfea2f950, 0x0000018b82ad4810, 0x0000018b82ad5530, 0x0000018b82ad8320,
0x0000018b82ad5bc0, 0x0000018b82ad4ea0, 0x0000018b82ad9040, 0x0000018b82042c80
}

Java Threads: ( => current thread )
  0x0000018bdd8d4090 JavaThread "main"                              [_thread_blocked, id=3568, stack(0x0000007ae6200000,0x0000007ae6300000) (1024K)]
  0x0000018bf74c3e80 JavaThread "Reference Handler"          daemon [_thread_blocked, id=3360, stack(0x0000007ae6a00000,0x0000007ae6b00000) (1024K)]
  0x0000018bf7509990 JavaThread "Finalizer"                  daemon [_thread_blocked, id=3884, stack(0x0000007ae6b00000,0x0000007ae6c00000) (1024K)]
  0x0000018bf7511fb0 JavaThread "Signal Dispatcher"          daemon [_thread_blocked, id=10396, stack(0x0000007ae6c00000,0x0000007ae6d00000) (1024K)]
  0x0000018bf74f2f10 JavaThread "Attach Listener"            daemon [_thread_blocked, id=2656, stack(0x0000007ae6d00000,0x0000007ae6e00000) (1024K)]
  0x0000018bf74f4590 JavaThread "Service Thread"             daemon [_thread_blocked, id=7812, stack(0x0000007ae6e00000,0x0000007ae6f00000) (1024K)]
  0x0000018bf74f4ff0 JavaThread "Monitor Deflation Thread"   daemon [_thread_blocked, id=8008, stack(0x0000007ae6f00000,0x0000007ae7000000) (1024K)]
  0x0000018bf74f5eb0 JavaThread "C2 CompilerThread0"         daemon [_thread_blocked, id=10964, stack(0x0000007ae7000000,0x0000007ae7100000) (1024K)]
  0x0000018bf750a3f0 JavaThread "C1 CompilerThread0"         daemon [_thread_blocked, id=2720, stack(0x0000007ae7100000,0x0000007ae7200000) (1024K)]
  0x0000018bf7635bf0 JavaThread "Common-Cleaner"             daemon [_thread_blocked, id=7384, stack(0x0000007ae7200000,0x0000007ae7300000) (1024K)]
  0x0000018bf780de00 JavaThread "Notification Thread"        daemon [_thread_blocked, id=9472, stack(0x0000007ae7300000,0x0000007ae7400000) (1024K)]
  0x0000018bfdc19fd0 JavaThread "Daemon health stats"               [_thread_blocked, id=9608, stack(0x0000007ae7500000,0x0000007ae7600000) (1024K)]
  0x0000018bfdc88e90 JavaThread "Incoming local TCP Connector on port 49911"        [_thread_in_native, id=9988, stack(0x0000007ae7b00000,0x0000007ae7c00000) (1024K)]
  0x0000018bfdcd7510 JavaThread "Daemon periodic checks"            [_thread_blocked, id=8384, stack(0x0000007ae7c00000,0x0000007ae7d00000) (1024K)]
  0x0000018bfddd1070 JavaThread "Cache worker for journal cache (C:\Users\Bhushan\.gradle\caches\journal-1)"        [_thread_blocked, id=8908, stack(0x0000007ae7400000,0x0000007ae7500000) (1024K)]
  0x0000018bfddd3140 JavaThread "File lock request listener"        [_thread_in_native, id=9008, stack(0x0000007ae8800000,0x0000007ae8900000) (1024K)]
  0x0000018bfddd37d0 JavaThread "Cache worker for file hash cache (C:\Users\Bhushan\.gradle\caches\8.9\fileHashes)"        [_thread_blocked, id=7208, stack(0x0000007ae8900000,0x0000007ae8a00000) (1024K)]
  0x0000018bff805f60 JavaThread "Cache worker for file content cache (C:\Users\Bhushan\.gradle\caches\8.9\fileContent)"        [_thread_blocked, id=9144, stack(0x0000007ae8e00000,0x0000007ae8f00000) (1024K)]
  0x0000018bff8065f0 JavaThread "File watcher server"        daemon [_thread_in_native, id=3596, stack(0x0000007ae8f00000,0x0000007ae9000000) (1024K)]
  0x0000018bff803e90 JavaThread "File watcher consumer"      daemon [_thread_blocked, id=10212, stack(0x0000007ae9000000,0x0000007ae9100000) (1024K)]
  0x0000018bff80b4b0 JavaThread "Memory manager"                    [_thread_blocked, id=10148, stack(0x0000007ae9200000,0x0000007ae9300000) (1024K)]
  0x0000018b80d11650 JavaThread "RMI Scheduler(0)"           daemon [_thread_blocked, id=2368, stack(0x0000007aed800000,0x0000007aed900000) (1024K)]
  0x0000018b80d16ba0 JavaThread "RMI GC Daemon"              daemon [_thread_blocked, id=3344, stack(0x0000007aef000000,0x0000007aef100000) (1024K)]
  0x0000018b80d17230 JavaThread "RMI TCP Accept-0"           daemon [_thread_in_native, id=2244, stack(0x0000007aef100000,0x0000007aef200000) (1024K)]
  0x0000018b80d17f50 JavaThread "RMI Reaper"                        [_thread_blocked, id=7728, stack(0x0000007aef200000,0x0000007aef300000) (1024K)]
  0x0000018bff5c19f0 JavaThread "Daemon Thread 2"                   [_thread_blocked, id=5108, stack(0x0000007ae5f00000,0x0000007ae6000000) (1024K)]
  0x0000018bff5c2710 JavaThread "Handler for socket connection from /127.0.0.1:49911 to /127.0.0.1:50146"        [_thread_in_native, id=5116, stack(0x0000007ae6000000,0x0000007ae6100000) (1024K)]
  0x0000018bff5c1360 JavaThread "Cancel handler"                    [_thread_blocked, id=11148, stack(0x0000007ae6100000,0x0000007ae6200000) (1024K)]
=>0x0000018bff5c2080 JavaThread "Daemon worker Thread 2"            [_thread_in_vm, id=4952, stack(0x0000007ae7d00000,0x0000007ae7e00000) (1024K)]
  0x0000018bff5c2da0 JavaThread "Asynchronous log dispatcher for DefaultDaemonConnection: socket connection from /127.0.0.1:49911 to /127.0.0.1:50146"        [_thread_blocked, id=10556, stack(0x0000007ae7e00000,0x0000007ae7f00000) (1024K)]
  0x0000018bff5c3430 JavaThread "Stdin handler"                     [_thread_blocked, id=9428, stack(0x0000007ae7f00000,0x0000007ae8000000) (1024K)]
  0x0000018bff5c0640 JavaThread "Daemon client event forwarder"        [_thread_blocked, id=4956, stack(0x0000007ae8000000,0x0000007ae8100000) (1024K)]
  0x0000018bff5c4150 JavaThread "Cache worker for file hash cache (C:\Users\Bhushan\AndroidStudioProjects\MyKidsVan\.gradle\8.9\fileHashes)"        [_thread_blocked, id=8228, stack(0x0000007ae8100000,0x0000007ae8200000) (1024K)]
  0x0000018bff5c0cd0 JavaThread "Cache worker for checksums cache (C:\Users\Bhushan\AndroidStudioProjects\MyKidsVan\.gradle\8.9\checksums)"        [_thread_blocked, id=6108, stack(0x0000007ae8200000,0x0000007ae8300000) (1024K)]
  0x0000018bff5c6220 JavaThread "Cache worker for Build Output Cleanup Cache (C:\Users\Bhushan\AndroidStudioProjects\MyKidsVan\.gradle\buildOutputCleanup)"        [_thread_blocked, id=3560, stack(0x0000007ae8300000,0x0000007ae8400000) (1024K)]
  0x0000018bff5c6f40 JavaThread "Cache worker for cache directory md-rule (C:\Users\Bhushan\.gradle\caches\8.9\md-rule)"        [_thread_blocked, id=3236, stack(0x0000007ae8a00000,0x0000007ae8b00000) (1024K)]
  0x0000018bff5c7c60 JavaThread "Cache worker for cache directory md-supplier (C:\Users\Bhushan\.gradle\caches\8.9\md-supplier)"        [_thread_blocked, id=10432, stack(0x0000007ae8b00000,0x0000007ae8c00000) (1024K)]
  0x0000018b82ad7c90 JavaThread "Configuration cache report writer"        [_thread_blocked, id=9564, stack(0x0000007ae8700000,0x0000007ae8800000) (1024K)]
  0x0000018bfea2e5a0 JavaThread "Unconstrained build operations"        [_thread_blocked, id=2416, stack(0x0000007ae8c00000,0x0000007ae8d00000) (1024K)]
  0x0000018bfea2df10 JavaThread "Unconstrained build operations Thread 2"        [_thread_blocked, id=6804, stack(0x0000007ae8d00000,0x0000007ae8e00000) (1024K)]
  0x0000018bfea2cb60 JavaThread "Unconstrained build operations Thread 3"        [_thread_blocked, id=6912, stack(0x0000007ae9300000,0x0000007ae9400000) (1024K)]
  0x0000018bfea2ec30 JavaThread "Unconstrained build operations Thread 4"        [_thread_blocked, id=9376, stack(0x0000007ae9400000,0x0000007ae9500000) (1024K)]
  0x0000018bfea2d880 JavaThread "Unconstrained build operations Thread 5"        [_thread_blocked, id=9164, stack(0x0000007ae9500000,0x0000007ae9600000) (1024K)]
  0x0000018bfea2d1f0 JavaThread "Unconstrained build operations Thread 6"        [_thread_blocked, id=2084, stack(0x0000007ae9600000,0x0000007ae9700000) (1024K)]
  0x0000018bfea2b7b0 JavaThread "Unconstrained build operations Thread 7"        [_thread_blocked, id=7680, stack(0x0000007ae9700000,0x0000007ae9800000) (1024K)]
  0x0000018bfea30670 JavaThread "Unconstrained build operations Thread 8"        [_thread_blocked, id=6028, stack(0x0000007ae9900000,0x0000007ae9a00000) (1024K)]
  0x0000018bfea320b0 JavaThread "Unconstrained build operations Thread 9"        [_thread_blocked, id=3584, stack(0x0000007ae9a00000,0x0000007ae9b00000) (1024K)]
  0x0000018bfea31a20 JavaThread "Unconstrained build operations Thread 10"        [_thread_blocked, id=1756, stack(0x0000007ae9b00000,0x0000007ae9c00000) (1024K)]
  0x0000018bfea32740 JavaThread "Unconstrained build operations Thread 11"        [_thread_blocked, id=6788, stack(0x0000007ae9c00000,0x0000007ae9d00000) (1024K)]
  0x0000018bfea2f2c0 JavaThread "Unconstrained build operations Thread 12"        [_thread_blocked, id=9368, stack(0x0000007ae9d00000,0x0000007ae9e00000) (1024K)]
  0x0000018bfea30d00 JavaThread "Unconstrained build operations Thread 13"        [_thread_blocked, id=9568, stack(0x0000007ae9e00000,0x0000007ae9f00000) (1024K)]
  0x0000018bfea32dd0 JavaThread "Unconstrained build operations Thread 14"        [_thread_blocked, id=8604, stack(0x0000007ae9f00000,0x0000007aea000000) (1024K)]
  0x0000018bfea2f950 JavaThread "Unconstrained build operations Thread 15"        [_thread_blocked, id=11052, stack(0x0000007aea100000,0x0000007aea200000) (1024K)]
  0x0000018b82ad4810 JavaThread "Unconstrained build operations Thread 16"        [_thread_blocked, id=10404, stack(0x0000007aea200000,0x0000007aea300000) (1024K)]
  0x0000018b82ad5530 JavaThread "Unconstrained build operations Thread 17"        [_thread_blocked, id=1524, stack(0x0000007aea300000,0x0000007aea400000) (1024K)]
  0x0000018b82ad8320 JavaThread "Unconstrained build operations Thread 18"        [_thread_blocked, id=1804, stack(0x0000007aea400000,0x0000007aea500000) (1024K)]
  0x0000018b82ad5bc0 JavaThread "Unconstrained build operations Thread 19"        [_thread_blocked, id=2980, stack(0x0000007aea500000,0x0000007aea600000) (1024K)]
  0x0000018b82ad4ea0 JavaThread "Unconstrained build operations Thread 20"        [_thread_blocked, id=9964, stack(0x0000007aea600000,0x0000007aea700000) (1024K)]
  0x0000018b82ad9040 JavaThread "Unconstrained build operations Thread 21"        [_thread_blocked, id=6472, stack(0x0000007aea700000,0x0000007aea800000) (1024K)]
  0x0000018b82042c80 JavaThread "build event listener"              [_thread_blocked, id=8924, stack(0x0000007aea000000,0x0000007aea100000) (1024K)]
Total: 60

Other Threads:
  0x0000018bf7495800 VMThread "VM Thread"                           [id=5524, stack(0x0000007ae6900000,0x0000007ae6a00000) (1024K)]
  0x0000018bf72c8b20 WatcherThread "VM Periodic Task Thread"        [id=5008, stack(0x0000007ae6800000,0x0000007ae6900000) (1024K)]
  0x0000018bdf3bf190 WorkerThread "GC Thread#0"                     [id=6508, stack(0x0000007ae6300000,0x0000007ae6400000) (1024K)]
  0x0000018bfca16eb0 WorkerThread "GC Thread#1"                     [id=10904, stack(0x0000007ae7600000,0x0000007ae7700000) (1024K)]
  0x0000018bfca15e90 WorkerThread "GC Thread#2"                     [id=10896, stack(0x0000007ae7700000,0x0000007ae7800000) (1024K)]
  0x0000018bfca16230 WorkerThread "GC Thread#3"                     [id=10972, stack(0x0000007ae7800000,0x0000007ae7900000) (1024K)]
  0x0000018bfc1583e0 WorkerThread "GC Thread#4"                     [id=1416, stack(0x0000007ae7900000,0x0000007ae7a00000) (1024K)]
  0x0000018bfc158780 WorkerThread "GC Thread#5"                     [id=6384, stack(0x0000007ae7a00000,0x0000007ae7b00000) (1024K)]
  0x0000018bfdb93940 WorkerThread "GC Thread#6"                     [id=9344, stack(0x0000007ae8400000,0x0000007ae8500000) (1024K)]
  0x0000018bfdb93ce0 WorkerThread "GC Thread#7"                     [id=3512, stack(0x0000007ae8500000,0x0000007ae8600000) (1024K)]
  0x0000018bdf3d0ec0 ConcurrentGCThread "G1 Main Marker"            [id=5772, stack(0x0000007ae6400000,0x0000007ae6500000) (1024K)]
  0x0000018bdf3d2070 WorkerThread "G1 Conc#0"                       [id=5652, stack(0x0000007ae6500000,0x0000007ae6600000) (1024K)]
  0x0000018bfdb947c0 WorkerThread "G1 Conc#1"                       [id=10524, stack(0x0000007ae8600000,0x0000007ae8700000) (1024K)]
  0x0000018bf7190610 ConcurrentGCThread "G1 Refine#0"               [id=9256, stack(0x0000007ae6600000,0x0000007ae6700000) (1024K)]
  0x0000018bf7192240 ConcurrentGCThread "G1 Service"                [id=6392, stack(0x0000007ae6700000,0x0000007ae6800000) (1024K)]
Total: 15

Threads with active compile tasks:
Total: 0

VM state: not at safepoint (normal execution)

VM Mutex/Monitor currently owned by a thread:  ([mutex/lock_event])
[0x00007ffb35ddfec8] Metaspace_lock - owner thread: 0x0000018bff5c2080

Heap address: 0x0000000080000000, size: 2048 MB, Compressed Oops mode: 32-bit

CDS archive(s) not mapped
Compressed class space mapped at: 0x0000000100000000-0x0000000140000000, reserved size: 1073741824
Narrow klass base: 0x0000000000000000, Narrow klass shift: 3, Narrow klass range: 0x140000000

GC Precious Log:
 CardTable entry size: 512
 Card Set container configuration: InlinePtr #cards 5 size 8 Array Of Cards #cards 12 size 40 Howl #buckets 4 coarsen threshold 1843 Howl Bitmap #cards 512 size 80 coarsen threshold 460 Card regions per heap region 1 cards per card region 2048
 CPUs: 8 total, 8 available
 Memory: 16262M
 Large Page Support: Disabled
 NUMA Support: Disabled
 Compressed Oops: Enabled (32-bit)
 Heap Region Size: 1M
 Heap Min Capacity: 8M
 Heap Initial Capacity: 256M
 Heap Max Capacity: 2G
 Pre-touch: Disabled
 Parallel Workers: 8
 Concurrent Workers: 2
 Concurrent Refinement Workers: 8
 Periodic GC: Disabled

Heap:
 garbage-first heap   total 215040K, used 160114K [0x0000000080000000, 0x0000000100000000)
  region size 1024K, 50 young (51200K), 8 survivors (8192K)
 Metaspace       used 111997K, committed 114368K, reserved 1179648K
  class space    used 15537K, committed 16768K, reserved 1048576K

Heap Regions: E=young(eden), S=young(survivor), O=old, HS=humongous(starts), HC=humongous(continues), CS=collection set, F=free, TAMS=top-at-mark-start, PB=parsable bottom
|   0|0x0000000080000000, 0x0000000080100000, 0x0000000080100000|100%|HS|  |TAMS 0x0000000080000000| PB 0x0000000080000000| Complete 
|   1|0x0000000080100000, 0x0000000080200000, 0x0000000080200000|100%|HC|  |TAMS 0x0000000080100000| PB 0x0000000080100000| Complete 
|   2|0x0000000080200000, 0x0000000080300000, 0x0000000080300000|100%|HC|  |TAMS 0x0000000080200000| PB 0x0000000080200000| Complete 
|   3|0x0000000080300000, 0x0000000080400000, 0x0000000080400000|100%|HC|  |TAMS 0x0000000080300000| PB 0x0000000080300000| Complete 
|   4|0x0000000080400000, 0x0000000080500000, 0x0000000080500000|100%| O|  |TAMS 0x0000000080400000| PB 0x0000000080400000| Untracked 
|   5|0x0000000080500000, 0x0000000080600000, 0x0000000080600000|100%| O|  |TAMS 0x0000000080500000| PB 0x0000000080500000| Untracked 
|   6|0x0000000080600000, 0x0000000080700000, 0x0000000080700000|100%| O|  |TAMS 0x0000000080600000| PB 0x0000000080600000| Untracked 
|   7|0x0000000080700000, 0x0000000080800000, 0x0000000080800000|100%| O|  |TAMS 0x0000000080700000| PB 0x0000000080700000| Untracked 
|   8|0x0000000080800000, 0x0000000080900000, 0x0000000080900000|100%| O|  |TAMS 0x0000000080800000| PB 0x0000000080800000| Untracked 
|   9|0x0000000080900000, 0x0000000080a00000, 0x0000000080a00000|100%| O|  |TAMS 0x0000000080900000| PB 0x0000000080900000| Untracked 
|  10|0x0000000080a00000, 0x0000000080b00000, 0x0000000080b00000|100%|HS|  |TAMS 0x0000000080a00000| PB 0x0000000080a00000| Complete 
|  11|0x0000000080b00000, 0x0000000080c00000, 0x0000000080c00000|100%|HS|  |TAMS 0x0000000080b00000| PB 0x0000000080b00000| Complete 
|  12|0x0000000080c00000, 0x0000000080d00000, 0x0000000080d00000|100%| O|  |TAMS 0x0000000080c00000| PB 0x0000000080c00000| Untracked 
|  13|0x0000000080d00000, 0x0000000080e00000, 0x0000000080e00000|100%| O|  |TAMS 0x0000000080d00000| PB 0x0000000080d00000| Untracked 
|  14|0x0000000080e00000, 0x0000000080f00000, 0x0000000080f00000|100%| O|  |TAMS 0x0000000080e00000| PB 0x0000000080e00000| Untracked 
|  15|0x0000000080f00000, 0x0000000081000000, 0x0000000081000000|100%| O|  |TAMS 0x0000000080f00000| PB 0x0000000080f00000| Untracked 
|  16|0x0000000081000000, 0x0000000081100000, 0x0000000081100000|100%| O|  |TAMS 0x0000000081000000| PB 0x0000000081000000| Untracked 
|  17|0x0000000081100000, 0x0000000081200000, 0x0000000081200000|100%| O|  |TAMS 0x0000000081100000| PB 0x0000000081100000| Untracked 
|  18|0x0000000081200000, 0x0000000081300000, 0x0000000081300000|100%| O|  |TAMS 0x0000000081200000| PB 0x0000000081200000| Untracked 
|  19|0x0000000081300000, 0x0000000081400000, 0x0000000081400000|100%| O|  |TAMS 0x0000000081300000| PB 0x0000000081300000| Untracked 
|  20|0x0000000081400000, 0x0000000081500000, 0x0000000081500000|100%| O|  |TAMS 0x0000000081400000| PB 0x0000000081400000| Untracked 
|  21|0x0000000081500000, 0x0000000081600000, 0x0000000081600000|100%| O|  |TAMS 0x0000000081500000| PB 0x0000000081500000| Untracked 
|  22|0x0000000081600000, 0x0000000081700000, 0x0000000081700000|100%| O|  |TAMS 0x0000000081600000| PB 0x0000000081600000| Untracked 
|  23|0x0000000081700000, 0x0000000081800000, 0x0000000081800000|100%| O|  |TAMS 0x0000000081700000| PB 0x0000000081700000| Untracked 
|  24|0x0000000081800000, 0x0000000081900000, 0x0000000081900000|100%|HS|  |TAMS 0x0000000081800000| PB 0x0000000081800000| Complete 
|  25|0x0000000081900000, 0x0000000081a00000, 0x0000000081a00000|100%|HS|  |TAMS 0x0000000081900000| PB 0x0000000081900000| Complete 
|  26|0x0000000081a00000, 0x0000000081b00000, 0x0000000081b00000|100%|HS|  |TAMS 0x0000000081a00000| PB 0x0000000081a00000| Complete 
|  27|0x0000000081b00000, 0x0000000081c00000, 0x0000000081c00000|100%|HC|  |TAMS 0x0000000081b00000| PB 0x0000000081b00000| Complete 
|  28|0x0000000081c00000, 0x0000000081d00000, 0x0000000081d00000|100%|HS|  |TAMS 0x0000000081c00000| PB 0x0000000081c00000| Complete 
|  29|0x0000000081d00000, 0x0000000081e00000, 0x0000000081e00000|100%|HS|  |TAMS 0x0000000081d00000| PB 0x0000000081d00000| Complete 
|  30|0x0000000081e00000, 0x0000000081f00000, 0x0000000081f00000|100%|HC|  |TAMS 0x0000000081e00000| PB 0x0000000081e00000| Complete 
|  31|0x0000000081f00000, 0x0000000082000000, 0x0000000082000000|100%| O|  |TAMS 0x0000000081f00000| PB 0x0000000081f00000| Untracked 
|  32|0x0000000082000000, 0x0000000082100000, 0x0000000082100000|100%| O|  |TAMS 0x0000000082000000| PB 0x0000000082000000| Untracked 
|  33|0x0000000082100000, 0x0000000082200000, 0x0000000082200000|100%| O|  |TAMS 0x0000000082100000| PB 0x0000000082100000| Untracked 
|  34|0x0000000082200000, 0x0000000082300000, 0x0000000082300000|100%| O|  |TAMS 0x0000000082200000| PB 0x0000000082200000| Untracked 
|  35|0x0000000082300000, 0x0000000082400000, 0x0000000082400000|100%| O|  |TAMS 0x0000000082300000| PB 0x0000000082300000| Untracked 
|  36|0x0000000082400000, 0x0000000082500000, 0x0000000082500000|100%| O|  |TAMS 0x0000000082400000| PB 0x0000000082400000| Untracked 
|  37|0x0000000082500000, 0x0000000082600000, 0x0000000082600000|100%| O|  |TAMS 0x0000000082500000| PB 0x0000000082500000| Untracked 
|  38|0x0000000082600000, 0x0000000082700000, 0x0000000082700000|100%| O|  |TAMS 0x0000000082600000| PB 0x0000000082600000| Untracked 
|  39|0x0000000082700000, 0x0000000082800000, 0x0000000082800000|100%| O|  |TAMS 0x0000000082700000| PB 0x0000000082700000| Untracked 
|  40|0x0000000082800000, 0x0000000082900000, 0x0000000082900000|100%| O|  |TAMS 0x0000000082800000| PB 0x0000000082800000| Untracked 
|  41|0x0000000082900000, 0x0000000082a00000, 0x0000000082a00000|100%| O|  |TAMS 0x0000000082900000| PB 0x0000000082900000| Untracked 
|  42|0x0000000082a00000, 0x0000000082b00000, 0x0000000082b00000|100%| O|  |TAMS 0x0000000082a00000| PB 0x0000000082a00000| Untracked 
|  43|0x0000000082b00000, 0x0000000082c00000, 0x0000000082c00000|100%|HS|  |TAMS 0x0000000082b00000| PB 0x0000000082b00000| Complete 
|  44|0x0000000082c00000, 0x0000000082d00000, 0x0000000082d00000|100%|HC|  |TAMS 0x0000000082c00000| PB 0x0000000082c00000| Complete 
|  45|0x0000000082d00000, 0x0000000082e00000, 0x0000000082e00000|100%|HC|  |TAMS 0x0000000082d00000| PB 0x0000000082d00000| Complete 
|  46|0x0000000082e00000, 0x0000000082f00000, 0x0000000082f00000|100%|HS|  |TAMS 0x0000000082e00000| PB 0x0000000082e00000| Complete 
|  47|0x0000000082f00000, 0x0000000083000000, 0x0000000083000000|100%|HS|  |TAMS 0x0000000082f00000| PB 0x0000000082f00000| Complete 
|  48|0x0000000083000000, 0x0000000083100000, 0x0000000083100000|100%| O|  |TAMS 0x0000000083000000| PB 0x0000000083000000| Untracked 
|  49|0x0000000083100000, 0x0000000083200000, 0x0000000083200000|100%| O|  |TAMS 0x0000000083100000| PB 0x0000000083100000| Untracked 
|  50|0x0000000083200000, 0x0000000083300000, 0x0000000083300000|100%| O|  |TAMS 0x0000000083200000| PB 0x0000000083200000| Untracked 
|  51|0x0000000083300000, 0x0000000083400000, 0x0000000083400000|100%|HS|  |TAMS 0x0000000083300000| PB 0x0000000083300000| Complete 
|  52|0x0000000083400000, 0x0000000083500000, 0x0000000083500000|100%|HC|  |TAMS 0x0000000083400000| PB 0x0000000083400000| Complete 
|  53|0x0000000083500000, 0x0000000083600000, 0x0000000083600000|100%|HC|  |TAMS 0x0000000083500000| PB 0x0000000083500000| Complete 
|  54|0x0000000083600000, 0x0000000083700000, 0x0000000083700000|100%| O|  |TAMS 0x0000000083600000| PB 0x0000000083600000| Untracked 
|  55|0x0000000083700000, 0x0000000083800000, 0x0000000083800000|100%| O|  |TAMS 0x0000000083700000| PB 0x0000000083700000| Untracked 
|  56|0x0000000083800000, 0x0000000083900000, 0x0000000083900000|100%| O|Cm|TAMS 0x0000000083800000| PB 0x0000000083800000| Complete 
|  57|0x0000000083900000, 0x0000000083a00000, 0x0000000083a00000|100%| O|  |TAMS 0x0000000083900000| PB 0x0000000083900000| Untracked 
|  58|0x0000000083a00000, 0x0000000083b00000, 0x0000000083b00000|100%| O|  |TAMS 0x0000000083a00000| PB 0x0000000083a00000| Untracked 
|  59|0x0000000083b00000, 0x0000000083c00000, 0x0000000083c00000|100%| O|Cm|TAMS 0x0000000083b00000| PB 0x0000000083b00000| Complete 
|  60|0x0000000083c00000, 0x0000000083d00000, 0x0000000083d00000|100%|HS|  |TAMS 0x0000000083c00000| PB 0x0000000083c00000| Complete 
|  61|0x0000000083d00000, 0x0000000083e00000, 0x0000000083e00000|100%|HS|  |TAMS 0x0000000083d00000| PB 0x0000000083d00000| Complete 
|  62|0x0000000083e00000, 0x0000000083f00000, 0x0000000083f00000|100%|HS|  |TAMS 0x0000000083e00000| PB 0x0000000083e00000| Complete 
|  63|0x0000000083f00000, 0x0000000084000000, 0x0000000084000000|100%| O|  |TAMS 0x0000000083f00000| PB 0x0000000083f00000| Untracked 
|  64|0x0000000084000000, 0x0000000084100000, 0x0000000084100000|100%| O|  |TAMS 0x0000000084000000| PB 0x0000000084000000| Untracked 
|  65|0x0000000084100000, 0x0000000084200000, 0x0000000084200000|100%| O|  |TAMS 0x0000000084100000| PB 0x0000000084100000| Untracked 
|  66|0x0000000084200000, 0x0000000084300000, 0x0000000084300000|100%| O|  |TAMS 0x0000000084200000| PB 0x0000000084200000| Untracked 
|  67|0x0000000084300000, 0x0000000084400000, 0x0000000084400000|100%| O|  |TAMS 0x0000000084300000| PB 0x0000000084300000| Untracked 
|  68|0x0000000084400000, 0x0000000084500000, 0x0000000084500000|100%| O|  |TAMS 0x0000000084400000| PB 0x0000000084400000| Untracked 
|  69|0x0000000084500000, 0x0000000084600000, 0x0000000084600000|100%| O|  |TAMS 0x0000000084500000| PB 0x0000000084500000| Untracked 
|  70|0x0000000084600000, 0x0000000084700000, 0x0000000084700000|100%| O|Cm|TAMS 0x0000000084600000| PB 0x0000000084600000| Complete 
|  71|0x0000000084700000, 0x0000000084800000, 0x0000000084800000|100%| O|Cm|TAMS 0x0000000084700000| PB 0x0000000084700000| Complete 
|  72|0x0000000084800000, 0x0000000084900000, 0x0000000084900000|100%| O|  |TAMS 0x0000000084800000| PB 0x0000000084800000| Untracked 
|  73|0x0000000084900000, 0x0000000084a00000, 0x0000000084a00000|100%| O|  |TAMS 0x0000000084900000| PB 0x0000000084900000| Untracked 
|  74|0x0000000084a00000, 0x0000000084b00000, 0x0000000084b00000|100%|HS|  |TAMS 0x0000000084a00000| PB 0x0000000084a00000| Complete 
|  75|0x0000000084b00000, 0x0000000084c00000, 0x0000000084c00000|100%| O|  |TAMS 0x0000000084b00000| PB 0x0000000084b00000| Untracked 
|  76|0x0000000084c00000, 0x0000000084d00000, 0x0000000084d00000|100%| O|  |TAMS 0x0000000084c00000| PB 0x0000000084c00000| Untracked 
|  77|0x0000000084d00000, 0x0000000084e00000, 0x0000000084e00000|100%| O|  |TAMS 0x0000000084d00000| PB 0x0000000084d00000| Untracked 
|  78|0x0000000084e00000, 0x0000000084f00000, 0x0000000084f00000|100%| O|Cm|TAMS 0x0000000084e00000| PB 0x0000000084e00000| Complete 
|  79|0x0000000084f00000, 0x0000000085000000, 0x0000000085000000|100%| O|  |TAMS 0x0000000084f00000| PB 0x0000000084f00000| Untracked 
|  80|0x0000000085000000, 0x0000000085100000, 0x0000000085100000|100%| O|  |TAMS 0x0000000085000000| PB 0x0000000085000000| Untracked 
|  81|0x0000000085100000, 0x0000000085200000, 0x0000000085200000|100%| O|  |TAMS 0x0000000085100000| PB 0x0000000085100000| Untracked 
|  82|0x0000000085200000, 0x0000000085300000, 0x0000000085300000|100%| O|  |TAMS 0x0000000085200000| PB 0x0000000085200000| Untracked 
|  83|0x0000000085300000, 0x0000000085400000, 0x0000000085400000|100%| O|  |TAMS 0x0000000085300000| PB 0x0000000085300000| Untracked 
|  84|0x0000000085400000, 0x0000000085500000, 0x0000000085500000|100%| O|  |TAMS 0x0000000085400000| PB 0x0000000085400000| Untracked 
|  85|0x0000000085500000, 0x0000000085600000, 0x0000000085600000|100%| O|  |TAMS 0x0000000085500000| PB 0x0000000085500000| Untracked 
|  86|0x0000000085600000, 0x0000000085700000, 0x0000000085700000|100%| O|  |TAMS 0x0000000085600000| PB 0x0000000085600000| Untracked 
|  87|0x0000000085700000, 0x0000000085800000, 0x0000000085800000|100%| O|  |TAMS 0x0000000085700000| PB 0x0000000085700000| Untracked 
|  88|0x0000000085800000, 0x0000000085900000, 0x0000000085900000|100%| O|  |TAMS 0x0000000085800000| PB 0x0000000085800000| Untracked 
|  89|0x0000000085900000, 0x0000000085a00000, 0x0000000085a00000|100%| O|  |TAMS 0x0000000085900000| PB 0x0000000085900000| Untracked 
|  90|0x0000000085a00000, 0x0000000085b00000, 0x0000000085b00000|100%| O|  |TAMS 0x0000000085a00000| PB 0x0000000085a00000| Untracked 
|  91|0x0000000085b00000, 0x0000000085c00000, 0x0000000085c00000|100%| O|  |TAMS 0x0000000085b00000| PB 0x0000000085b00000| Untracked 
|  92|0x0000000085c00000, 0x0000000085d00000, 0x0000000085d00000|100%|HS|  |TAMS 0x0000000085c00000| PB 0x0000000085c00000| Complete 
|  93|0x0000000085d00000, 0x0000000085d00000, 0x0000000085e00000|  0%| F|  |TAMS 0x0000000085d00000| PB 0x0000000085d00000| Untracked 
|  94|0x0000000085e00000, 0x0000000085f00000, 0x0000000085f00000|100%| O|  |TAMS 0x0000000085e00000| PB 0x0000000085e00000| Untracked 
|  95|0x0000000085f00000, 0x0000000086000000, 0x0000000086000000|100%| O|  |TAMS 0x0000000085f00000| PB 0x0000000085f00000| Untracked 
|  96|0x0000000086000000, 0x0000000086100000, 0x0000000086100000|100%| O|  |TAMS 0x0000000086000000| PB 0x0000000086000000| Untracked 
|  97|0x0000000086100000, 0x0000000086100000, 0x0000000086200000|  0%| F|  |TAMS 0x0000000086100000| PB 0x0000000086100000| Untracked 
|  98|0x0000000086200000, 0x0000000086200000, 0x0000000086300000|  0%| F|  |TAMS 0x0000000086200000| PB 0x0000000086200000| Untracked 
|  99|0x0000000086300000, 0x0000000086400000, 0x0000000086400000|100%| O|  |TAMS 0x0000000086300000| PB 0x0000000086300000| Untracked 
| 100|0x0000000086400000, 0x0000000086500000, 0x0000000086500000|100%| O|  |TAMS 0x0000000086400000| PB 0x0000000086400000| Untracked 
| 101|0x0000000086500000, 0x0000000086600000, 0x0000000086600000|100%| O|  |TAMS 0x0000000086500000| PB 0x0000000086500000| Untracked 
| 102|0x0000000086600000, 0x0000000086700000, 0x0000000086700000|100%| O|  |TAMS 0x0000000086600000| PB 0x0000000086600000| Untracked 
| 103|0x0000000086700000, 0x0000000086800000, 0x0000000086800000|100%| O|  |TAMS 0x0000000086700000| PB 0x0000000086700000| Untracked 
| 104|0x0000000086800000, 0x0000000086900000, 0x0000000086900000|100%| O|  |TAMS 0x0000000086800000| PB 0x0000000086800000| Untracked 
| 105|0x0000000086900000, 0x0000000086a00000, 0x0000000086a00000|100%| O|  |TAMS 0x0000000086900000| PB 0x0000000086900000| Untracked 
| 106|0x0000000086a00000, 0x0000000086b00000, 0x0000000086b00000|100%| O|Cm|TAMS 0x0000000086a00000| PB 0x0000000086a00000| Complete 
| 107|0x0000000086b00000, 0x0000000086b00000, 0x0000000086c00000|  0%| F|  |TAMS 0x0000000086b00000| PB 0x0000000086b00000| Untracked 
| 108|0x0000000086c00000, 0x0000000086d00000, 0x0000000086d00000|100%| O|  |TAMS 0x0000000086c00000| PB 0x0000000086c00000| Untracked 
| 109|0x0000000086d00000, 0x0000000086e00000, 0x0000000086e00000|100%| O|  |TAMS 0x0000000086d00000| PB 0x0000000086d00000| Untracked 
| 110|0x0000000086e00000, 0x0000000086f00000, 0x0000000086f00000|100%| O|  |TAMS 0x0000000086e00000| PB 0x0000000086e00000| Untracked 
| 111|0x0000000086f00000, 0x0000000086f00000, 0x0000000087000000|  0%| F|  |TAMS 0x0000000086f00000| PB 0x0000000086f00000| Untracked 
| 112|0x0000000087000000, 0x0000000087000000, 0x0000000087100000|  0%| F|  |TAMS 0x0000000087000000| PB 0x0000000087000000| Untracked 
| 113|0x0000000087100000, 0x0000000087100000, 0x0000000087200000|  0%| F|  |TAMS 0x0000000087100000| PB 0x0000000087100000| Untracked 
| 114|0x0000000087200000, 0x0000000087200000, 0x0000000087300000|  0%| F|  |TAMS 0x0000000087200000| PB 0x0000000087200000| Untracked 
| 115|0x0000000087300000, 0x0000000087300000, 0x0000000087400000|  0%| F|  |TAMS 0x0000000087300000| PB 0x0000000087300000| Untracked 
| 116|0x0000000087400000, 0x0000000087400000, 0x0000000087500000|  0%| F|  |TAMS 0x0000000087400000| PB 0x0000000087400000| Untracked 
| 117|0x0000000087500000, 0x0000000087500000, 0x0000000087600000|  0%| F|  |TAMS 0x0000000087500000| PB 0x0000000087500000| Untracked 
| 118|0x0000000087600000, 0x0000000087600000, 0x0000000087700000|  0%| F|  |TAMS 0x0000000087600000| PB 0x0000000087600000| Untracked 
| 119|0x0000000087700000, 0x0000000087700000, 0x0000000087800000|  0%| F|  |TAMS 0x0000000087700000| PB 0x0000000087700000| Untracked 
| 120|0x0000000087800000, 0x0000000087800000, 0x0000000087900000|  0%| F|  |TAMS 0x0000000087800000| PB 0x0000000087800000| Untracked 
| 121|0x0000000087900000, 0x0000000087900000, 0x0000000087a00000|  0%| F|  |TAMS 0x0000000087900000| PB 0x0000000087900000| Untracked 
| 122|0x0000000087a00000, 0x0000000087a00000, 0x0000000087b00000|  0%| F|  |TAMS 0x0000000087a00000| PB 0x0000000087a00000| Untracked 
| 123|0x0000000087b00000, 0x0000000087b00000, 0x0000000087c00000|  0%| F|  |TAMS 0x0000000087b00000| PB 0x0000000087b00000| Untracked 
| 124|0x0000000087c00000, 0x0000000087c00000, 0x0000000087d00000|  0%| F|  |TAMS 0x0000000087c00000| PB 0x0000000087c00000| Untracked 
| 125|0x0000000087d00000, 0x0000000087d00000, 0x0000000087e00000|  0%| F|  |TAMS 0x0000000087d00000| PB 0x0000000087d00000| Untracked 
| 126|0x0000000087e00000, 0x0000000087e00000, 0x0000000087f00000|  0%| F|  |TAMS 0x0000000087e00000| PB 0x0000000087e00000| Untracked 
| 127|0x0000000087f00000, 0x0000000087f00000, 0x0000000088000000|  0%| F|  |TAMS 0x0000000087f00000| PB 0x0000000087f00000| Untracked 
| 128|0x0000000088000000, 0x0000000088000000, 0x0000000088100000|  0%| F|  |TAMS 0x0000000088000000| PB 0x0000000088000000| Untracked 
| 129|0x0000000088100000, 0x0000000088100000, 0x0000000088200000|  0%| F|  |TAMS 0x0000000088100000| PB 0x0000000088100000| Untracked 
| 130|0x0000000088200000, 0x0000000088200000, 0x0000000088300000|  0%| F|  |TAMS 0x0000000088200000| PB 0x0000000088200000| Untracked 
| 131|0x0000000088300000, 0x0000000088300000, 0x0000000088400000|  0%| F|  |TAMS 0x0000000088300000| PB 0x0000000088300000| Untracked 
| 132|0x0000000088400000, 0x0000000088400000, 0x0000000088500000|  0%| F|  |TAMS 0x0000000088400000| PB 0x0000000088400000| Untracked 
| 133|0x0000000088500000, 0x0000000088500000, 0x0000000088600000|  0%| F|  |TAMS 0x0000000088500000| PB 0x0000000088500000| Untracked 
| 134|0x0000000088600000, 0x0000000088600000, 0x0000000088700000|  0%| F|  |TAMS 0x0000000088600000| PB 0x0000000088600000| Untracked 
| 135|0x0000000088700000, 0x0000000088700000, 0x0000000088800000|  0%| F|  |TAMS 0x0000000088700000| PB 0x0000000088700000| Untracked 
| 136|0x0000000088800000, 0x0000000088800000, 0x0000000088900000|  0%| F|  |TAMS 0x0000000088800000| PB 0x0000000088800000| Untracked 
| 137|0x0000000088900000, 0x0000000088900000, 0x0000000088a00000|  0%| F|  |TAMS 0x0000000088900000| PB 0x0000000088900000| Untracked 
| 138|0x0000000088a00000, 0x0000000088a00000, 0x0000000088b00000|  0%| F|  |TAMS 0x0000000088a00000| PB 0x0000000088a00000| Untracked 
| 139|0x0000000088b00000, 0x0000000088b00000, 0x0000000088c00000|  0%| F|  |TAMS 0x0000000088b00000| PB 0x0000000088b00000| Untracked 
| 140|0x0000000088c00000, 0x0000000088c00000, 0x0000000088d00000|  0%| F|  |TAMS 0x0000000088c00000| PB 0x0000000088c00000| Untracked 
| 141|0x0000000088d00000, 0x0000000088d00000, 0x0000000088e00000|  0%| F|  |TAMS 0x0000000088d00000| PB 0x0000000088d00000| Untracked 
| 142|0x0000000088e00000, 0x0000000088e00000, 0x0000000088f00000|  0%| F|  |TAMS 0x0000000088e00000| PB 0x0000000088e00000| Untracked 
| 143|0x0000000088f00000, 0x0000000088f00000, 0x0000000089000000|  0%| F|  |TAMS 0x0000000088f00000| PB 0x0000000088f00000| Untracked 
| 144|0x0000000089000000, 0x0000000089000000, 0x0000000089100000|  0%| F|  |TAMS 0x0000000089000000| PB 0x0000000089000000| Untracked 
| 145|0x0000000089100000, 0x0000000089100000, 0x0000000089200000|  0%| F|  |TAMS 0x0000000089100000| PB 0x0000000089100000| Untracked 
| 146|0x0000000089200000, 0x0000000089200000, 0x0000000089300000|  0%| F|  |TAMS 0x0000000089200000| PB 0x0000000089200000| Untracked 
| 147|0x0000000089300000, 0x0000000089300000, 0x0000000089400000|  0%| F|  |TAMS 0x0000000089300000| PB 0x0000000089300000| Untracked 
| 148|0x0000000089400000, 0x0000000089400000, 0x0000000089500000|  0%| F|  |TAMS 0x0000000089400000| PB 0x0000000089400000| Untracked 
| 149|0x0000000089500000, 0x0000000089500000, 0x0000000089600000|  0%| F|  |TAMS 0x0000000089500000| PB 0x0000000089500000| Untracked 
| 150|0x0000000089600000, 0x0000000089600000, 0x0000000089700000|  0%| F|  |TAMS 0x0000000089600000| PB 0x0000000089600000| Untracked 
| 151|0x0000000089700000, 0x0000000089700000, 0x0000000089800000|  0%| F|  |TAMS 0x0000000089700000| PB 0x0000000089700000| Untracked 
| 152|0x0000000089800000, 0x000000008985cbe0, 0x0000000089900000| 36%| S|CS|TAMS 0x0000000089800000| PB 0x0000000089800000| Complete 
| 153|0x0000000089900000, 0x0000000089a00000, 0x0000000089a00000|100%| S|CS|TAMS 0x0000000089900000| PB 0x0000000089900000| Complete 
| 154|0x0000000089a00000, 0x0000000089b00000, 0x0000000089b00000|100%| S|CS|TAMS 0x0000000089a00000| PB 0x0000000089a00000| Complete 
| 155|0x0000000089b00000, 0x0000000089c00000, 0x0000000089c00000|100%| S|CS|TAMS 0x0000000089b00000| PB 0x0000000089b00000| Complete 
| 156|0x0000000089c00000, 0x0000000089d00000, 0x0000000089d00000|100%| S|CS|TAMS 0x0000000089c00000| PB 0x0000000089c00000| Complete 
| 157|0x0000000089d00000, 0x0000000089e00000, 0x0000000089e00000|100%| S|CS|TAMS 0x0000000089d00000| PB 0x0000000089d00000| Complete 
| 158|0x0000000089e00000, 0x0000000089f00000, 0x0000000089f00000|100%| S|CS|TAMS 0x0000000089e00000| PB 0x0000000089e00000| Complete 
| 159|0x0000000089f00000, 0x000000008a000000, 0x000000008a000000|100%| S|CS|TAMS 0x0000000089f00000| PB 0x0000000089f00000| Complete 
| 160|0x000000008a000000, 0x000000008a000000, 0x000000008a100000|  0%| F|  |TAMS 0x000000008a000000| PB 0x000000008a000000| Untracked 
| 161|0x000000008a100000, 0x000000008a100000, 0x000000008a200000|  0%| F|  |TAMS 0x000000008a100000| PB 0x000000008a100000| Untracked 
| 162|0x000000008a200000, 0x000000008a200000, 0x000000008a300000|  0%| F|  |TAMS 0x000000008a200000| PB 0x000000008a200000| Untracked 
| 163|0x000000008a300000, 0x000000008a300000, 0x000000008a400000|  0%| F|  |TAMS 0x000000008a300000| PB 0x000000008a300000| Untracked 
| 164|0x000000008a400000, 0x000000008a400000, 0x000000008a500000|  0%| F|  |TAMS 0x000000008a400000| PB 0x000000008a400000| Untracked 
| 165|0x000000008a500000, 0x000000008a500000, 0x000000008a600000|  0%| F|  |TAMS 0x000000008a500000| PB 0x000000008a500000| Untracked 
| 166|0x000000008a600000, 0x000000008a671068, 0x000000008a700000| 44%| E|  |TAMS 0x000000008a600000| PB 0x000000008a600000| Complete 
| 167|0x000000008a700000, 0x000000008a800000, 0x000000008a800000|100%| E|CS|TAMS 0x000000008a700000| PB 0x000000008a700000| Complete 
| 168|0x000000008a800000, 0x000000008a900000, 0x000000008a900000|100%| E|CS|TAMS 0x000000008a800000| PB 0x000000008a800000| Complete 
| 169|0x000000008a900000, 0x000000008aa00000, 0x000000008aa00000|100%| E|CS|TAMS 0x000000008a900000| PB 0x000000008a900000| Complete 
| 170|0x000000008aa00000, 0x000000008ab00000, 0x000000008ab00000|100%| E|CS|TAMS 0x000000008aa00000| PB 0x000000008aa00000| Complete 
| 171|0x000000008ab00000, 0x000000008ac00000, 0x000000008ac00000|100%| E|CS|TAMS 0x000000008ab00000| PB 0x000000008ab00000| Complete 
| 172|0x000000008ac00000, 0x000000008ad00000, 0x000000008ad00000|100%| E|CS|TAMS 0x000000008ac00000| PB 0x000000008ac00000| Complete 
| 173|0x000000008ad00000, 0x000000008ae00000, 0x000000008ae00000|100%| E|CS|TAMS 0x000000008ad00000| PB 0x000000008ad00000| Complete 
| 174|0x000000008ae00000, 0x000000008af00000, 0x000000008af00000|100%| E|CS|TAMS 0x000000008ae00000| PB 0x000000008ae00000| Complete 
| 175|0x000000008af00000, 0x000000008b000000, 0x000000008b000000|100%| E|CS|TAMS 0x000000008af00000| PB 0x000000008af00000| Complete 
| 176|0x000000008b000000, 0x000000008b100000, 0x000000008b100000|100%| E|CS|TAMS 0x000000008b000000| PB 0x000000008b000000| Complete 
| 177|0x000000008b100000, 0x000000008b200000, 0x000000008b200000|100%| E|CS|TAMS 0x000000008b100000| PB 0x000000008b100000| Complete 
| 178|0x000000008b200000, 0x000000008b300000, 0x000000008b300000|100%| E|CS|TAMS 0x000000008b200000| PB 0x000000008b200000| Complete 
| 179|0x000000008b300000, 0x000000008b400000, 0x000000008b400000|100%| E|CS|TAMS 0x000000008b300000| PB 0x000000008b300000| Complete 
| 180|0x000000008b400000, 0x000000008b500000, 0x000000008b500000|100%| E|CS|TAMS 0x000000008b400000| PB 0x000000008b400000| Complete 
| 181|0x000000008b500000, 0x000000008b600000, 0x000000008b600000|100%| E|CS|TAMS 0x000000008b500000| PB 0x000000008b500000| Complete 
| 182|0x000000008b600000, 0x000000008b700000, 0x000000008b700000|100%| E|CS|TAMS 0x000000008b600000| PB 0x000000008b600000| Complete 
| 183|0x000000008b700000, 0x000000008b800000, 0x000000008b800000|100%| E|CS|TAMS 0x000000008b700000| PB 0x000000008b700000| Complete 
| 184|0x000000008b800000, 0x000000008b900000, 0x000000008b900000|100%| E|CS|TAMS 0x000000008b800000| PB 0x000000008b800000| Complete 
| 185|0x000000008b900000, 0x000000008ba00000, 0x000000008ba00000|100%| E|CS|TAMS 0x000000008b900000| PB 0x000000008b900000| Complete 
| 186|0x000000008ba00000, 0x000000008bb00000, 0x000000008bb00000|100%| E|CS|TAMS 0x000000008ba00000| PB 0x000000008ba00000| Complete 
| 187|0x000000008bb00000, 0x000000008bc00000, 0x000000008bc00000|100%| E|CS|TAMS 0x000000008bb00000| PB 0x000000008bb00000| Complete 
| 188|0x000000008bc00000, 0x000000008bd00000, 0x000000008bd00000|100%| E|CS|TAMS 0x000000008bc00000| PB 0x000000008bc00000| Complete 
| 189|0x000000008bd00000, 0x000000008be00000, 0x000000008be00000|100%| E|CS|TAMS 0x000000008bd00000| PB 0x000000008bd00000| Complete 
| 190|0x000000008be00000, 0x000000008bf00000, 0x000000008bf00000|100%| E|CS|TAMS 0x000000008be00000| PB 0x000000008be00000| Complete 
| 191|0x000000008bf00000, 0x000000008c000000, 0x000000008c000000|100%| E|CS|TAMS 0x000000008bf00000| PB 0x000000008bf00000| Complete 
| 192|0x000000008c000000, 0x000000008c100000, 0x000000008c100000|100%| E|CS|TAMS 0x000000008c000000| PB 0x000000008c000000| Complete 
| 193|0x000000008c100000, 0x000000008c200000, 0x000000008c200000|100%| E|CS|TAMS 0x000000008c100000| PB 0x000000008c100000| Complete 
| 194|0x000000008c200000, 0x000000008c300000, 0x000000008c300000|100%| E|CS|TAMS 0x000000008c200000| PB 0x000000008c200000| Complete 
| 195|0x000000008c300000, 0x000000008c400000, 0x000000008c400000|100%| E|CS|TAMS 0x000000008c300000| PB 0x000000008c300000| Complete 
| 196|0x000000008c400000, 0x000000008c500000, 0x000000008c500000|100%| E|CS|TAMS 0x000000008c400000| PB 0x000000008c400000| Complete 
| 197|0x000000008c500000, 0x000000008c600000, 0x000000008c600000|100%| E|CS|TAMS 0x000000008c500000| PB 0x000000008c500000| Complete 
| 198|0x000000008c600000, 0x000000008c700000, 0x000000008c700000|100%| E|CS|TAMS 0x000000008c600000| PB 0x000000008c600000| Complete 
| 199|0x000000008c700000, 0x000000008c800000, 0x000000008c800000|100%| E|CS|TAMS 0x000000008c700000| PB 0x000000008c700000| Complete 
| 200|0x000000008c800000, 0x000000008c900000, 0x000000008c900000|100%| E|CS|TAMS 0x000000008c800000| PB 0x000000008c800000| Complete 
| 201|0x000000008c900000, 0x000000008ca00000, 0x000000008ca00000|100%| E|CS|TAMS 0x000000008c900000| PB 0x000000008c900000| Complete 
| 202|0x000000008ca00000, 0x000000008cb00000, 0x000000008cb00000|100%| E|CS|TAMS 0x000000008ca00000| PB 0x000000008ca00000| Complete 
| 255|0x000000008ff00000, 0x0000000090000000, 0x0000000090000000|100%| E|CS|TAMS 0x000000008ff00000| PB 0x000000008ff00000| Complete 
|2042|0x00000000ffa00000, 0x00000000ffb00000, 0x00000000ffb00000|100%| E|  |TAMS 0x00000000ffa00000| PB 0x00000000ffa00000| Complete 
|2043|0x00000000ffb00000, 0x00000000ffc00000, 0x00000000ffc00000|100%| O|  |TAMS 0x00000000ffb00000| PB 0x00000000ffb00000| Untracked 
|2044|0x00000000ffc00000, 0x00000000ffd00000, 0x00000000ffd00000|100%| E|CS|TAMS 0x00000000ffc00000| PB 0x00000000ffc00000| Complete 
|2045|0x00000000ffd00000, 0x00000000ffe00000, 0x00000000ffe00000|100%| E|CS|TAMS 0x00000000ffd00000| PB 0x00000000ffd00000| Complete 
|2046|0x00000000ffe00000, 0x00000000fff00000, 0x00000000fff00000|100%| E|CS|TAMS 0x00000000ffe00000| PB 0x00000000ffe00000| Complete 
|2047|0x00000000fff00000, 0x0000000100000000, 0x0000000100000000|100%| O|  |TAMS 0x00000000fff00000| PB 0x00000000fff00000| Untracked 

Card table byte_map: [0x0000018bf23d0000,0x0000018bf27d0000] _byte_map_base: 0x0000018bf1fd0000

Marking Bits: (CMBitMap*) 0x0000018bdf3bf7a0
 Bits: [0x0000018bf27d0000, 0x0000018bf47d0000)

Polling page: 0x0000018bdf430000

Metaspace:

Usage:
  Non-class:     94.20 MB used.
      Class:     15.17 MB used.
       Both:    109.37 MB used.

Virtual space:
  Non-class space:      128.00 MB reserved,      95.31 MB ( 74%) committed,  2 nodes.
      Class space:        1.00 GB reserved,      16.38 MB (  2%) committed,  1 nodes.
             Both:        1.12 GB reserved,     111.69 MB ( 10%) committed. 

Chunk freelists:
   Non-Class:  0 bytes
       Class:  15.59 MB
        Both:  15.59 MB

MaxMetaspaceSize: unlimited
CompressedClassSpaceSize: 1.00 GB
Initial GC threshold: 21.00 MB
Current GC threshold: 182.44 MB
CDS: off
 - commit_granule_bytes: 65536.
 - commit_granule_words: 8192.
 - virtual_space_node_default_size: 8388608.
 - enlarge_chunks_in_place: 1.
 - use_allocation_guard: 0.


Internal statistics:

num_allocs_failed_limit: 9.
num_arena_births: 4912.
num_arena_deaths: 38.
num_vsnodes_births: 3.
num_vsnodes_deaths: 0.
num_space_committed: 1787.
num_space_uncommitted: 0.
num_chunks_returned_to_freelist: 57.
num_chunks_taken_from_freelist: 10155.
num_chunk_merges: 11.
num_chunk_splits: 6217.
num_chunks_enlarged: 3465.
num_inconsistent_stats: 0.

CodeHeap 'non-profiled nmethods': size=120000Kb used=6974Kb max_used=7997Kb free=113025Kb
 bounds [0x0000018bea030000, 0x0000018bea800000, 0x0000018bf1560000]
CodeHeap 'profiled nmethods': size=120000Kb used=17033Kb max_used=20606Kb free=102966Kb
 bounds [0x0000018be2560000, 0x0000018be3990000, 0x0000018be9a90000]
CodeHeap 'non-nmethods': size=5760Kb used=2169Kb max_used=2240Kb free=3590Kb
 bounds [0x0000018be9a90000, 0x0000018be9d00000, 0x0000018bea030000]
 total_blobs=10200 nmethods=9304 adapters=799
 compilation: enabled
              stopped_count=0, restarted_count=0
 full_count=0

Compilation events (20 events):
Event: 907.491 Thread 0x0000018bf74f5eb0 nmethod 14181 0x0000018bea19f290 code [0x0000018bea19f420, 0x0000018bea19f518]
Event: 907.491 Thread 0x0000018bf750a3f0 nmethod 14178 0x0000018be2c58590 code [0x0000018be2c58800, 0x0000018be2c59400]
Event: 907.492 Thread 0x0000018bf750a3f0 14184       3       org.gradle.internal.instantiation.generator.AsmBackedClassGenerator$ClassBuilderImpl$40::<init> (238 bytes)
Event: 907.494 Thread 0x0000018bf750a3f0 nmethod 14184 0x0000018be25cbf10 code [0x0000018be25cc2a0, 0x0000018be25cdb40]
Event: 907.494 Thread 0x0000018bf750a3f0 14182       3       org.gradle.internal.instantiation.generator.AsmBackedClassGenerator$ClassBuilderImpl$$Lambda/0x00000001002d9ec0::emit (33 bytes)
Event: 907.494 Thread 0x0000018bf750a3f0 nmethod 14182 0x0000018be2bd9c90 code [0x0000018be2bd9e40, 0x0000018be2bd9fa8]
Event: 907.494 Thread 0x0000018bf750a3f0 14183       3       org.gradle.internal.instantiation.generator.AsmBackedClassGenerator$ClassBuilderImpl::lambda$addActionMethod$39 (21 bytes)
Event: 907.495 Thread 0x0000018bf750a3f0 nmethod 14183 0x0000018be29cd590 code [0x0000018be29cd740, 0x0000018be29cd938]
Event: 907.495 Thread 0x0000018bf750a3f0 14185       3       org.gradle.internal.instantiation.generator.AsmBackedClassGenerator$ClassBuilderImpl::access$3100 (4 bytes)
Event: 907.495 Thread 0x0000018bf750a3f0 nmethod 14185 0x0000018be2611890 code [0x0000018be2611a20, 0x0000018be2611b18]
Event: 907.495 Thread 0x0000018bf750a3f0 14186       3       org.gradle.internal.instantiation.generator.AsmBackedClassGenerator$ClassBuilderImpl::access$3200 (4 bytes)
Event: 907.495 Thread 0x0000018bf750a3f0 nmethod 14186 0x0000018be2625210 code [0x0000018be26253a0, 0x0000018be2625498]
Event: 907.495 Thread 0x0000018bf750a3f0 14187       3       org.gradle.internal.instantiation.generator.AsmBackedClassGenerator$ClassBuilderImpl::access$3300 (4 bytes)
Event: 907.495 Thread 0x0000018bf750a3f0 nmethod 14187 0x0000018be263f290 code [0x0000018be263f420, 0x0000018be263f518]
Event: 907.496 Thread 0x0000018bf750a3f0 14179       3       org.objectweb.asm.SymbolTable::addConstantFieldref (10 bytes)
Event: 907.496 Thread 0x0000018bf750a3f0 nmethod 14179 0x0000018be2bdf490 code [0x0000018be2bdf640, 0x0000018be2bdf798]
Event: 907.496 Thread 0x0000018bf750a3f0 14175       3       org.objectweb.asm.commons.GeneratorAdapter::typeInsn (13 bytes)
Event: 907.497 Thread 0x0000018bf750a3f0 nmethod 14175 0x0000018be2c94c90 code [0x0000018be2c94e60, 0x0000018be2c950f8]
Event: 907.502 Thread 0x0000018bf750a3f0 14188       3       com.android.build.gradle.internal.dsl.decorator.SupportedPropertyType$Var::getImplementationType (5 bytes)
Event: 907.503 Thread 0x0000018bf750a3f0 nmethod 14188 0x0000018be2c6a890 code [0x0000018be2c6aa20, 0x0000018be2c6abb8]

GC Heap History (20 events):
Event: 69.043 GC heap before
{Heap before GC invocations=31 (full 0):
 garbage-first heap   total 155648K, used 139256K [0x0000000080000000, 0x0000000100000000)
  region size 1024K, 52 young (53248K), 5 survivors (5120K)
 Metaspace       used 85791K, committed 87680K, reserved 1179648K
  class space    used 11852K, committed 12864K, reserved 1048576K
}
Event: 69.059 GC heap after
{Heap after GC invocations=32 (full 0):
 garbage-first heap   total 155648K, used 96174K [0x0000000080000000, 0x0000000100000000)
  region size 1024K, 7 young (7168K), 7 survivors (7168K)
 Metaspace       used 85791K, committed 87680K, reserved 1179648K
  class space    used 11852K, committed 12864K, reserved 1048576K
}
Event: 674.059 GC heap before
{Heap before GC invocations=33 (full 0):
 garbage-first heap   total 163840K, used 139182K [0x0000000080000000, 0x0000000100000000)
  region size 1024K, 50 young (51200K), 7 survivors (7168K)
 Metaspace       used 89133K, committed 91136K, reserved 1179648K
  class space    used 12286K, committed 13312K, reserved 1048576K
}
Event: 674.074 GC heap after
{Heap after GC invocations=34 (full 0):
 garbage-first heap   total 163840K, used 97734K [0x0000000080000000, 0x0000000100000000)
  region size 1024K, 5 young (5120K), 5 survivors (5120K)
 Metaspace       used 89133K, committed 91136K, reserved 1179648K
  class space    used 12286K, committed 13312K, reserved 1048576K
}
Event: 891.779 GC heap before
{Heap before GC invocations=34 (full 0):
 garbage-first heap   total 163840K, used 148934K [0x0000000080000000, 0x0000000100000000)
  region size 1024K, 56 young (57344K), 5 survivors (5120K)
 Metaspace       used 91906K, committed 94144K, reserved 1179648K
  class space    used 12747K, committed 13888K, reserved 1048576K
}
Event: 891.802 GC heap after
{Heap after GC invocations=35 (full 0):
 garbage-first heap   total 163840K, used 100143K [0x0000000080000000, 0x0000000100000000)
  region size 1024K, 5 young (5120K), 5 survivors (5120K)
 Metaspace       used 91906K, committed 94144K, reserved 1179648K
  class space    used 12747K, committed 13888K, reserved 1048576K
}
Event: 895.659 GC heap before
{Heap before GC invocations=35 (full 0):
 garbage-first heap   total 163840K, used 148271K [0x0000000080000000, 0x0000000100000000)
  region size 1024K, 53 young (54272K), 5 survivors (5120K)
 Metaspace       used 97770K, committed 100096K, reserved 1179648K
  class space    used 13692K, committed 14912K, reserved 1048576K
}
Event: 895.678 GC heap after
{Heap after GC invocations=36 (full 0):
 garbage-first heap   total 163840K, used 104575K [0x0000000080000000, 0x0000000100000000)
  region size 1024K, 7 young (7168K), 7 survivors (7168K)
 Metaspace       used 97770K, committed 100096K, reserved 1179648K
  class space    used 13692K, committed 14912K, reserved 1048576K
}
Event: 900.706 GC heap before
{Heap before GC invocations=37 (full 0):
 garbage-first heap   total 179200K, used 145535K [0x0000000080000000, 0x0000000100000000)
  region size 1024K, 47 young (48128K), 7 survivors (7168K)
 Metaspace       used 104073K, committed 106368K, reserved 1179648K
  class space    used 14509K, committed 15680K, reserved 1048576K
}
Event: 900.725 GC heap after
{Heap after GC invocations=38 (full 0):
 garbage-first heap   total 179200K, used 110563K [0x0000000080000000, 0x0000000100000000)
  region size 1024K, 6 young (6144K), 6 survivors (6144K)
 Metaspace       used 104073K, committed 106368K, reserved 1179648K
  class space    used 14509K, committed 15680K, reserved 1048576K
}
Event: 901.617 GC heap before
{Heap before GC invocations=38 (full 0):
 garbage-first heap   total 179200K, used 161763K [0x0000000080000000, 0x0000000100000000)
  region size 1024K, 57 young (58368K), 6 survivors (6144K)
 Metaspace       used 104290K, committed 106560K, reserved 1179648K
  class space    used 14533K, committed 15680K, reserved 1048576K
}
Event: 901.638 GC heap after
{Heap after GC invocations=39 (full 0):
 garbage-first heap   total 179200K, used 112878K [0x0000000080000000, 0x0000000100000000)
  region size 1024K, 5 young (5120K), 5 survivors (5120K)
 Metaspace       used 104290K, committed 106560K, reserved 1179648K
  class space    used 14533K, committed 15680K, reserved 1048576K
}
Event: 902.222 GC heap before
{Heap before GC invocations=39 (full 0):
 garbage-first heap   total 179200K, used 163054K [0x0000000080000000, 0x0000000100000000)
  region size 1024K, 54 young (55296K), 5 survivors (5120K)
 Metaspace       used 104291K, committed 106560K, reserved 1179648K
  class space    used 14533K, committed 15680K, reserved 1048576K
}
Event: 902.233 GC heap after
{Heap after GC invocations=40 (full 0):
 garbage-first heap   total 179200K, used 114155K [0x0000000080000000, 0x0000000100000000)
  region size 1024K, 4 young (4096K), 4 survivors (4096K)
 Metaspace       used 104291K, committed 106560K, reserved 1179648K
  class space    used 14533K, committed 15680K, reserved 1048576K
}
Event: 903.228 GC heap before
{Heap before GC invocations=41 (full 0):
 garbage-first heap   total 201728K, used 162283K [0x0000000080000000, 0x0000000100000000)
  region size 1024K, 51 young (52224K), 4 survivors (4096K)
 Metaspace       used 104291K, committed 106560K, reserved 1179648K
  class space    used 14533K, committed 15680K, reserved 1048576K
}
Event: 903.237 GC heap after
{Heap after GC invocations=42 (full 0):
 garbage-first heap   total 201728K, used 114639K [0x0000000080000000, 0x0000000100000000)
  region size 1024K, 4 young (4096K), 4 survivors (4096K)
 Metaspace       used 104291K, committed 106560K, reserved 1179648K
  class space    used 14533K, committed 15680K, reserved 1048576K
}
Event: 904.763 GC heap before
{Heap before GC invocations=42 (full 0):
 garbage-first heap   total 201728K, used 184271K [0x0000000080000000, 0x0000000100000000)
  region size 1024K, 73 young (74752K), 4 survivors (4096K)
 Metaspace       used 106243K, committed 108544K, reserved 1179648K
  class space    used 14818K, committed 16000K, reserved 1048576K
}
Event: 904.783 GC heap after
{Heap after GC invocations=43 (full 0):
 garbage-first heap   total 201728K, used 111206K [0x0000000080000000, 0x0000000100000000)
  region size 1024K, 6 young (6144K), 6 survivors (6144K)
 Metaspace       used 106243K, committed 108544K, reserved 1179648K
  class space    used 14818K, committed 16000K, reserved 1048576K
}
Event: 906.147 GC heap before
{Heap before GC invocations=43 (full 0):
 garbage-first heap   total 201728K, used 144998K [0x0000000080000000, 0x0000000100000000)
  region size 1024K, 41 young (41984K), 6 survivors (6144K)
 Metaspace       used 109697K, committed 112064K, reserved 1179648K
  class space    used 15227K, committed 16448K, reserved 1048576K
}
Event: 906.158 GC heap after
{Heap after GC invocations=44 (full 0):
 garbage-first heap   total 201728K, used 114034K [0x0000000080000000, 0x0000000100000000)
  region size 1024K, 8 young (8192K), 8 survivors (8192K)
 Metaspace       used 109697K, committed 112064K, reserved 1179648K
  class space    used 15227K, committed 16448K, reserved 1048576K
}

Dll operation events (3 events):
Event: 0.031 Loaded shared library C:\Program Files\Android\Android Studio\jbr\bin\java.dll
Event: 0.051 Loaded shared library C:\Program Files\Android\Android Studio\jbr\bin\zip.dll
Event: 1.076 Loaded shared library C:\Program Files\Android\Android Studio\jbr\bin\verify.dll

Deoptimization events (20 events):
Event: 906.390 Thread 0x0000018bff5c2080 DEOPT PACKING pc=0x0000018be2abe378 sp=0x0000007ae7df1f30
Event: 906.390 Thread 0x0000018bff5c2080 DEOPT UNPACKING pc=0x0000018be9ae4e42 sp=0x0000007ae7df13b0 mode 0
Event: 906.393 Thread 0x0000018bff5c2080 DEOPT PACKING pc=0x0000018be2abe378 sp=0x0000007ae7df1f30
Event: 906.393 Thread 0x0000018bff5c2080 DEOPT UNPACKING pc=0x0000018be9ae4e42 sp=0x0000007ae7df13b0 mode 0
Event: 906.397 Thread 0x0000018bff5c2080 DEOPT PACKING pc=0x0000018be2abe378 sp=0x0000007ae7df1f30
Event: 906.397 Thread 0x0000018bff5c2080 DEOPT UNPACKING pc=0x0000018be9ae4e42 sp=0x0000007ae7df13b0 mode 0
Event: 906.400 Thread 0x0000018bff5c2080 DEOPT PACKING pc=0x0000018be2abe378 sp=0x0000007ae7df1f30
Event: 906.400 Thread 0x0000018bff5c2080 DEOPT UNPACKING pc=0x0000018be9ae4e42 sp=0x0000007ae7df13b0 mode 0
Event: 906.402 Thread 0x0000018bff5c2080 DEOPT PACKING pc=0x0000018be2abe378 sp=0x0000007ae7df1f30
Event: 906.402 Thread 0x0000018bff5c2080 DEOPT UNPACKING pc=0x0000018be9ae4e42 sp=0x0000007ae7df13b0 mode 0
Event: 906.405 Thread 0x0000018bff5c2080 DEOPT PACKING pc=0x0000018be2abe378 sp=0x0000007ae7df1f30
Event: 906.405 Thread 0x0000018bff5c2080 DEOPT UNPACKING pc=0x0000018be9ae4e42 sp=0x0000007ae7df13b0 mode 0
Event: 906.471 Thread 0x0000018bff5c2080 Uncommon trap: trap_request=0xffffff45 fr.pc=0x0000018bea25a694 relative=0x0000000000000134
Event: 906.471 Thread 0x0000018bff5c2080 Uncommon trap: reason=unstable_if action=reinterpret pc=0x0000018bea25a694 method=java.security.CodeSource.matchCerts(Ljava/security/CodeSource;Z)Z @ 11 c2
Event: 906.471 Thread 0x0000018bff5c2080 DEOPT PACKING pc=0x0000018bea25a694 sp=0x0000007ae7df0db0
Event: 906.471 Thread 0x0000018bff5c2080 DEOPT UNPACKING pc=0x0000018be9ae46a2 sp=0x0000007ae7df0cd0 mode 2
Event: 906.880 Thread 0x0000018bff5c2080 Uncommon trap: trap_request=0xffffff45 fr.pc=0x0000018bea613310 relative=0x0000000000002650
Event: 906.880 Thread 0x0000018bff5c2080 Uncommon trap: reason=unstable_if action=reinterpret pc=0x0000018bea613310 method=java.util.regex.Pattern.compile()V @ 133 c2
Event: 906.880 Thread 0x0000018bff5c2080 DEOPT PACKING pc=0x0000018bea613310 sp=0x0000007ae7df5d30
Event: 906.880 Thread 0x0000018bff5c2080 DEOPT UNPACKING pc=0x0000018be9ae46a2 sp=0x0000007ae7df5d18 mode 2

Classes loaded (20 events):
Event: 906.077 Loading class java/security/spec/DSAParameterSpec
Event: 906.077 Loading class java/security/spec/DSAParameterSpec done
Event: 906.078 Loading class java/math/SignedMutableBigInteger
Event: 906.078 Loading class java/math/SignedMutableBigInteger done
Event: 906.112 Loading class sun/security/util/JarConstraintsParameters
Event: 906.112 Loading class sun/security/util/JarConstraintsParameters done
Event: 906.115 Loading class java/util/Base64
Event: 906.115 Loading class java/util/Base64 done
Event: 906.115 Loading class java/util/Base64$Decoder
Event: 906.116 Loading class java/util/Base64$Decoder done
Event: 906.116 Loading class java/util/Base64$Encoder
Event: 906.116 Loading class java/util/Base64$Encoder done
Event: 906.121 Loading class java/util/jar/JarVerifier$VerifierStream
Event: 906.121 Loading class java/util/jar/JarVerifier$VerifierStream done
Event: 906.121 Loading class sun/security/util/ManifestEntryVerifier$SunProviderHolder
Event: 906.122 Loading class sun/security/util/ManifestEntryVerifier$SunProviderHolder done
Event: 906.950 Loading class java/lang/foreign/ValueLayout
Event: 906.950 Loading class java/lang/foreign/MemoryLayout
Event: 906.951 Loading class java/lang/foreign/MemoryLayout done
Event: 906.951 Loading class java/lang/foreign/ValueLayout done

Classes unloaded (19 events):
Event: 30.626 Thread 0x0000018bf7495800 Unloading class 0x0000000100a6c000 'java/lang/invoke/LambdaForm$DMH+0x0000000100a6c000'
Event: 30.626 Thread 0x0000018bf7495800 Unloading class 0x00000001009fac00 'java/lang/invoke/LambdaForm$MH+0x00000001009fac00'
Event: 30.626 Thread 0x0000018bf7495800 Unloading class 0x00000001009f9800 'java/lang/invoke/LambdaForm$MH+0x00000001009f9800'
Event: 30.626 Thread 0x0000018bf7495800 Unloading class 0x00000001009f9000 'java/lang/invoke/LambdaForm$MH+0x00000001009f9000'
Event: 30.626 Thread 0x0000018bf7495800 Unloading class 0x00000001009f8000 'java/lang/invoke/LambdaForm$MH+0x00000001009f8000'
Event: 30.626 Thread 0x0000018bf7495800 Unloading class 0x00000001009f7800 'java/lang/invoke/LambdaForm$MH+0x00000001009f7800'
Event: 30.626 Thread 0x0000018bf7495800 Unloading class 0x00000001009f7400 'java/lang/invoke/LambdaForm$MH+0x00000001009f7400'
Event: 30.626 Thread 0x0000018bf7495800 Unloading class 0x00000001009f6800 'java/lang/invoke/LambdaForm$MH+0x00000001009f6800'
Event: 30.626 Thread 0x0000018bf7495800 Unloading class 0x00000001009f6000 'java/lang/invoke/LambdaForm$MH+0x00000001009f6000'
Event: 30.626 Thread 0x0000018bf7495800 Unloading class 0x00000001009f5400 'java/lang/invoke/LambdaForm$MH+0x00000001009f5400'
Event: 30.626 Thread 0x0000018bf7495800 Unloading class 0x00000001009f4c00 'java/lang/invoke/LambdaForm$MH+0x00000001009f4c00'
Event: 30.626 Thread 0x0000018bf7495800 Unloading class 0x00000001009f4400 'java/lang/invoke/LambdaForm$MH+0x00000001009f4400'
Event: 30.626 Thread 0x0000018bf7495800 Unloading class 0x00000001009f3000 'java/lang/invoke/LambdaForm$BMH+0x00000001009f3000'
Event: 30.626 Thread 0x0000018bf7495800 Unloading class 0x00000001009f2400 'java/lang/invoke/LambdaForm$DMH+0x00000001009f2400'
Event: 30.626 Thread 0x0000018bf7495800 Unloading class 0x00000001009f1c00 'java/lang/invoke/LambdaForm$MH+0x00000001009f1c00'
Event: 30.626 Thread 0x0000018bf7495800 Unloading class 0x00000001009f1800 'java/lang/invoke/LambdaForm$MH+0x00000001009f1800'
Event: 30.626 Thread 0x0000018bf7495800 Unloading class 0x00000001009f0c00 'java/lang/invoke/LambdaForm$MH+0x00000001009f0c00'
Event: 30.626 Thread 0x0000018bf7495800 Unloading class 0x00000001009f0400 'java/lang/invoke/LambdaForm$MH+0x00000001009f0400'
Event: 30.626 Thread 0x0000018bf7495800 Unloading class 0x00000001009c0c00 'java/lang/invoke/LambdaForm$DMH+0x00000001009c0c00'

Classes redefined (0 events):
No events

Internal exceptions (20 events):
Event: 894.864 Thread 0x0000018bff5c2080 Exception <a 'java/lang/NoSuchMethodError'{0x00000000874401d8}: static Lorg/gradle/api/internal/catalog/VersionModel;.<clinit>()V> (0x00000000874401d8) 
thrown [s\src\hotspot\share\prims\jni.cpp, line 1126]
Event: 895.248 Thread 0x0000018bff5c2080 Exception <a 'java/lang/NoSuchMethodError'{0x0000000087011468}: 'int java.lang.invoke.DirectMethodHandle$Holder.invokeSpecialIFC(java.lang.Object, java.lang.Object, java.lang.Object)'> (0x0000000087011468) 
thrown [s\src\hotspot\share\interpreter\linkResolver.cpp, line 784]
Event: 895.724 Thread 0x0000018bff5c2080 Exception <a 'java/lang/NoSuchMethodError'{0x00000000ffe86e30}: 'java.lang.Object java.lang.invoke.DirectMethodHandle$Holder.invokeSpecial(java.lang.Object, java.lang.Object, java.lang.Object, java.lang.Object, java.lang.Object, long)'> (0x00000000ffe86e30) 
thrown [s\src\hotspot\share\interpreter\linkResolver.cpp, line 784]
Event: 895.727 Thread 0x0000018bff5c2080 Exception <a 'java/lang/NoSuchMethodError'{0x00000000ffea6668}: 'void java.lang.invoke.DirectMethodHandle$Holder.invokeStatic(java.lang.Object, java.lang.Object, java.lang.Object, int, java.lang.Object)'> (0x00000000ffea6668) 
thrown [s\src\hotspot\share\interpreter\linkResolver.cpp, line 784]
Event: 895.767 Thread 0x0000018bff5c2080 Implicit null exception at 0x0000018bea3466a0 to 0x0000018bea346938
Event: 900.732 Thread 0x0000018bf7509990 Implicit null exception at 0x0000018bea4b6d8b to 0x0000018bea4b6e5c
Event: 901.467 Thread 0x0000018bfea32dd0 Implicit null exception at 0x0000018bea269f0d to 0x0000018bea26a0e8
Event: 903.649 Thread 0x0000018bff5c2080 Exception <a 'java/lang/NoSuchMethodError'{0x00000000898fdd20}: 'long java.lang.invoke.DirectMethodHandle$Holder.invokeVirtual(java.lang.Object, java.lang.Object)'> (0x00000000898fdd20) 
thrown [s\src\hotspot\share\interpreter\linkResolver.cpp, line 784]
Event: 903.656 Thread 0x0000018bff5c0640 Exception <a 'java/lang/NoSuchMethodError'{0x0000000089745738}: static Lorg/gradle/internal/build/event/types/DefaultOperationFinishedProgressEvent;.<clinit>()V> (0x0000000089745738) 
thrown [s\src\hotspot\share\prims\jni.cpp, line 1126]
Event: 903.660 Thread 0x0000018bff5c0640 Exception <a 'java/lang/NoSuchMethodError'{0x00000000897672c8}: static Lorg/gradle/internal/build/event/types/DefaultProjectConfigurationSuccessResult;.<clinit>()V> (0x00000000897672c8) 
thrown [s\src\hotspot\share\prims\jni.cpp, line 1126]
Event: 903.661 Thread 0x0000018bff5c0640 Exception <a 'java/lang/NoSuchMethodError'{0x0000000089768840}: static Lorg/gradle/internal/build/event/types/AbstractProjectConfigurationResult;.<clinit>()V> (0x0000000089768840) 
thrown [s\src\hotspot\share\prims\jni.cpp, line 1126]
Event: 903.661 Thread 0x0000018bff5c0640 Exception <a 'java/lang/NoSuchMethodError'{0x000000008976a048}: static Lorg/gradle/internal/build/event/types/AbstractOperationResult;.<clinit>()V> (0x000000008976a048) 
thrown [s\src\hotspot\share\prims\jni.cpp, line 1126]
Event: 903.662 Thread 0x0000018bff5c0640 Exception <a 'java/lang/NoSuchMethodError'{0x0000000089775718}: static Lorg/gradle/internal/build/event/types/DefaultPluginApplicationResult;.<clinit>()V> (0x0000000089775718) 
thrown [s\src\hotspot\share\prims\jni.cpp, line 1126]
Event: 903.663 Thread 0x0000018bff5c0640 Exception <a 'java/lang/NoSuchMethodError'{0x0000000089782018}: static Lorg/gradle/internal/build/event/types/DefaultBinaryPluginIdentifier;.<clinit>()V> (0x0000000089782018) 
thrown [s\src\hotspot\share\prims\jni.cpp, line 1126]
Event: 903.668 Thread 0x0000018bff5c0640 Exception <a 'java/lang/NoSuchMethodError'{0x000000008979d4c0}: static Lorg/gradle/internal/build/event/types/DefaultScriptPluginIdentifier;.<clinit>()V> (0x000000008979d4c0) 
thrown [s\src\hotspot\share\prims\jni.cpp, line 1126]
Event: 903.735 Thread 0x0000018bff5c2080 Implicit null exception at 0x0000018bea4d3b60 to 0x0000018bea4d405c
Event: 903.815 Thread 0x0000018bff5c2080 Exception <a 'java/lang/NoSuchMethodError'{0x0000000088f9bd40}: 'void java.lang.invoke.Invokers$Holder.invoke_MT(java.lang.Object, java.lang.Object, java.lang.Object, java.lang.Object)'> (0x0000000088f9bd40) 
thrown [s\src\hotspot\share\interpreter\linkResolver.cpp, line 784]
Event: 903.954 Thread 0x0000018bff5c2080 Exception <a 'java/lang/ClassNotFoundException'{0x0000000088c5dd70}: org/gradle/api/internal/plugins/DefaultObjectConfigurationActionBeanInfo> (0x0000000088c5dd70) 
thrown [s\src\hotspot\share\classfile\systemDictionary.cpp, line 312]
Event: 903.957 Thread 0x0000018bff5c2080 Exception <a 'java/lang/ClassNotFoundException'{0x0000000088c72e00}: org/gradle/api/internal/plugins/DefaultObjectConfigurationActionCustomizer> (0x0000000088c72e00) 
thrown [s\src\hotspot\share\classfile\systemDictionary.cpp, line 312]
Event: 906.060 Thread 0x0000018bff5c2080 Implicit null exception at 0x0000018bea56ec60 to 0x0000018bea56eea4

ZGC Phase Switch (0 events):
No events

VM Operations (20 events):
Event: 902.222 Executing VM operation: G1CollectForAllocation (G1 Evacuation Pause)
Event: 902.240 Executing VM operation: G1CollectForAllocation (G1 Evacuation Pause) done
Event: 902.441 Executing VM operation: G1PauseRemark
Event: 902.501 Executing VM operation: G1PauseRemark done
Event: 902.621 Executing VM operation: G1PauseCleanup
Event: 902.623 Executing VM operation: G1PauseCleanup done
Event: 903.228 Executing VM operation: G1CollectForAllocation (G1 Evacuation Pause)
Event: 903.240 Executing VM operation: G1CollectForAllocation (G1 Evacuation Pause) done
Event: 904.240 Executing VM operation: Cleanup
Event: 904.240 Executing VM operation: Cleanup done
Event: 904.763 Executing VM operation: G1CollectForAllocation (G1 Evacuation Pause)
Event: 904.783 Executing VM operation: G1CollectForAllocation (G1 Evacuation Pause) done
Event: 905.689 Executing VM operation: HandshakeAllThreads (Deoptimize)
Event: 905.689 Executing VM operation: HandshakeAllThreads (Deoptimize) done
Event: 906.147 Executing VM operation: G1TryInitiateConcMark (G1 Humongous Allocation)
Event: 906.158 Executing VM operation: G1TryInitiateConcMark (G1 Humongous Allocation) done
Event: 906.375 Executing VM operation: G1PauseRemark
Event: 906.391 Executing VM operation: G1PauseRemark done
Event: 906.501 Executing VM operation: G1PauseCleanup
Event: 906.502 Executing VM operation: G1PauseCleanup done

Events (20 events):
Event: 906.387 Thread 0x0000018bf7495800 flushing nmethod 0x0000018bea275410
Event: 906.387 Thread 0x0000018bf7495800 flushing nmethod 0x0000018bea24bb10
Event: 906.387 Thread 0x0000018bf7495800 flushing nmethod 0x0000018bea203c10
Event: 906.387 Thread 0x0000018bf7495800 flushing nmethod 0x0000018bea202b10
Event: 906.387 Thread 0x0000018bf7495800 flushing nmethod 0x0000018bea1f5290
Event: 906.387 Thread 0x0000018bf7495800 flushing nmethod 0x0000018bea152910
Event: 906.387 Thread 0x0000018bf7495800 flushing nmethod 0x0000018bea144690
Event: 906.387 Thread 0x0000018bf7495800 flushing nmethod 0x0000018bea142390
Event: 906.387 Thread 0x0000018bf7495800 flushing nmethod 0x0000018bea13e990
Event: 906.387 Thread 0x0000018bf7495800 flushing nmethod 0x0000018bea120390
Event: 906.387 Thread 0x0000018bf7495800 flushing nmethod 0x0000018bea0add90
Event: 906.387 Thread 0x0000018bf7495800 flushing nmethod 0x0000018bea0e6590
Event: 906.387 Thread 0x0000018bf7495800 flushing nmethod 0x0000018bea0cc910
Event: 906.387 Thread 0x0000018bf7495800 flushing nmethod 0x0000018bea053210
Event: 906.387 Thread 0x0000018bf7495800 flushing nmethod 0x0000018bea050e10
Event: 906.387 Thread 0x0000018bf7495800 flushing nmethod 0x0000018bea050690
Event: 906.387 Thread 0x0000018bf7495800 flushing nmethod 0x0000018bea050190
Event: 906.387 Thread 0x0000018bf7495800 flushing nmethod 0x0000018bea049290
Event: 906.909 Thread 0x0000018bfee35670 Thread exited: 0x0000018bfee35670
Event: 907.017 Thread 0x0000018bfee35670 Thread added: 0x0000018bfee35670


Dynamic libraries:
0x00007ff6e9360000 - 0x00007ff6e936a000 	C:\Program Files\Android\Android Studio\jbr\bin\java.exe
0x00007ffb7ef40000 - 0x00007ffb7f1a3000 	C:\WINDOWS\SYSTEM32\ntdll.dll
0x00007ffb7dde0000 - 0x00007ffb7dea7000 	C:\WINDOWS\System32\KERNEL32.DLL
0x00007ffb7c580000 - 0x00007ffb7c949000 	C:\WINDOWS\System32\KERNELBASE.dll
0x00007ffb7ca90000 - 0x00007ffb7cbdc000 	C:\WINDOWS\System32\ucrtbase.dll
0x00007ffb751d0000 - 0x00007ffb751eb000 	C:\Program Files\Android\Android Studio\jbr\bin\VCRUNTIME140.dll
0x00007ffb42370000 - 0x00007ffb42388000 	C:\Program Files\Android\Android Studio\jbr\bin\jli.dll
0x00007ffb7deb0000 - 0x00007ffb7e07a000 	C:\WINDOWS\System32\USER32.dll
0x00007ffb7c280000 - 0x00007ffb7c2a7000 	C:\WINDOWS\System32\win32u.dll
0x00007ffb69280000 - 0x00007ffb69510000 	C:\WINDOWS\WinSxS\amd64_microsoft.windows.common-controls_6595b64144ccf1df_6.0.26100.3323_none_3e088096e3344490\COMCTL32.dll
0x00007ffb7e280000 - 0x00007ffb7e2aa000 	C:\WINDOWS\System32\GDI32.dll
0x00007ffb7c950000 - 0x00007ffb7ca81000 	C:\WINDOWS\System32\gdi32full.dll
0x00007ffb7c140000 - 0x00007ffb7c1e3000 	C:\WINDOWS\System32\msvcp_win.dll
0x00007ffb7e9c0000 - 0x00007ffb7ea69000 	C:\WINDOWS\System32\msvcrt.dll
0x00007ffb7cd60000 - 0x00007ffb7cd8f000 	C:\WINDOWS\System32\IMM32.DLL
0x00007ffb75e40000 - 0x00007ffb75e4c000 	C:\Program Files\Android\Android Studio\jbr\bin\vcruntime140_1.dll
0x00007ffb2bef0000 - 0x00007ffb2bf7d000 	C:\Program Files\Android\Android Studio\jbr\bin\msvcp140.dll
0x00007ffb35240000 - 0x00007ffb35ebd000 	C:\Program Files\Android\Android Studio\jbr\bin\server\jvm.dll
0x00007ffb7ce80000 - 0x00007ffb7cf32000 	C:\WINDOWS\System32\ADVAPI32.dll
0x00007ffb7e0e0000 - 0x00007ffb7e186000 	C:\WINDOWS\System32\sechost.dll
0x00007ffb7dcc0000 - 0x00007ffb7ddd6000 	C:\WINDOWS\System32\RPCRT4.dll
0x00007ffb7e2b0000 - 0x00007ffb7e324000 	C:\WINDOWS\System32\WS2_32.dll
0x00007ffb7bff0000 - 0x00007ffb7c03e000 	C:\WINDOWS\SYSTEM32\POWRPROF.dll
0x00007ffb69550000 - 0x00007ffb69586000 	C:\WINDOWS\SYSTEM32\WINMM.dll
0x00007ffb741a0000 - 0x00007ffb741ab000 	C:\WINDOWS\SYSTEM32\VERSION.dll
0x00007ffb7bfb0000 - 0x00007ffb7bfc4000 	C:\WINDOWS\SYSTEM32\UMPDC.dll
0x00007ffb7af30000 - 0x00007ffb7af4a000 	C:\WINDOWS\SYSTEM32\kernel.appcore.dll
0x00007ffb75e20000 - 0x00007ffb75e2a000 	C:\Program Files\Android\Android Studio\jbr\bin\jimage.dll
0x00007ffb798c0000 - 0x00007ffb79b01000 	C:\WINDOWS\SYSTEM32\DBGHELP.DLL
0x00007ffb7d930000 - 0x00007ffb7dcb2000 	C:\WINDOWS\System32\combase.dll
0x00007ffb7cda0000 - 0x00007ffb7ce76000 	C:\WINDOWS\System32\OLEAUT32.dll
0x00007ffb695a0000 - 0x00007ffb695d9000 	C:\WINDOWS\SYSTEM32\dbgcore.DLL
0x00007ffb7c2b0000 - 0x00007ffb7c349000 	C:\WINDOWS\System32\bcryptPrimitives.dll
0x00007ffb541f0000 - 0x00007ffb541fe000 	C:\Program Files\Android\Android Studio\jbr\bin\instrument.dll
0x00007ffb74580000 - 0x00007ffb7459f000 	C:\Program Files\Android\Android Studio\jbr\bin\java.dll
0x00007ffb740e0000 - 0x00007ffb740f8000 	C:\Program Files\Android\Android Studio\jbr\bin\zip.dll
0x00007ffb7d0a0000 - 0x00007ffb7d7b5000 	C:\WINDOWS\System32\SHELL32.dll
0x00007ffb7c350000 - 0x00007ffb7c4b8000 	C:\WINDOWS\System32\wintypes.dll
0x00007ffb79e00000 - 0x00007ffb7a645000 	C:\WINDOWS\SYSTEM32\windows.storage.dll
0x00007ffb7e190000 - 0x00007ffb7e27b000 	C:\WINDOWS\System32\SHCORE.dll
0x00007ffb7e080000 - 0x00007ffb7e0dd000 	C:\WINDOWS\System32\shlwapi.dll
0x00007ffb7c050000 - 0x00007ffb7c07f000 	C:\WINDOWS\SYSTEM32\profapi.dll
0x00007ffb6e300000 - 0x00007ffb6e310000 	C:\Program Files\Android\Android Studio\jbr\bin\net.dll
0x00007ffb74450000 - 0x00007ffb7456e000 	C:\WINDOWS\SYSTEM32\WINHTTP.dll
0x00007ffb7b440000 - 0x00007ffb7b4aa000 	C:\WINDOWS\system32\mswsock.dll
0x00007ffb5fea0000 - 0x00007ffb5feb6000 	C:\Program Files\Android\Android Studio\jbr\bin\nio.dll
0x00007ffb6bb70000 - 0x00007ffb6bb80000 	C:\Program Files\Android\Android Studio\jbr\bin\verify.dll
0x00007ffb49c30000 - 0x00007ffb49c57000 	C:\Users\Bhushan\.gradle\native\c067742578af261105cb4f569cf0c3c89f3d7b1fecec35dd04571415982c5e48\windows-amd64\native-platform.dll
0x00007ffb2bda0000 - 0x00007ffb2bee4000 	C:\Users\Bhushan\.gradle\native\100fb08df4bc3b14c8652ba06237920a3bd2aa13389f12d3474272988ae205f9\windows-amd64\native-platform-file-events.dll
0x00007ffb5d010000 - 0x00007ffb5d019000 	C:\Program Files\Android\Android Studio\jbr\bin\management.dll
0x00007ffb5d000000 - 0x00007ffb5d00b000 	C:\Program Files\Android\Android Studio\jbr\bin\management_ext.dll
0x00007ffb7ec70000 - 0x00007ffb7ec78000 	C:\WINDOWS\System32\PSAPI.DLL
0x00007ffb7b720000 - 0x00007ffb7b73c000 	C:\WINDOWS\SYSTEM32\CRYPTSP.dll
0x00007ffb7ae80000 - 0x00007ffb7aeba000 	C:\WINDOWS\system32\rsaenh.dll
0x00007ffb7b500000 - 0x00007ffb7b52b000 	C:\WINDOWS\SYSTEM32\USERENV.dll
0x00007ffb7b960000 - 0x00007ffb7b986000 	C:\WINDOWS\SYSTEM32\bcrypt.dll
0x00007ffb7b740000 - 0x00007ffb7b74c000 	C:\WINDOWS\SYSTEM32\CRYPTBASE.dll
0x00007ffb7a940000 - 0x00007ffb7a973000 	C:\WINDOWS\SYSTEM32\IPHLPAPI.DLL
0x00007ffb7d7c0000 - 0x00007ffb7d7ca000 	C:\WINDOWS\System32\NSI.dll
0x00007ffb5d020000 - 0x00007ffb5d029000 	C:\Program Files\Android\Android Studio\jbr\bin\extnet.dll
0x00007ffb6e2f0000 - 0x00007ffb6e2f8000 	C:\WINDOWS\system32\wshunix.dll
0x00007ffb42250000 - 0x00007ffb4226e000 	C:\Users\Bhushan\AppData\Local\Temp\native-platform16829363374893635524dir\native-platform.dll
0x00007ffb408b0000 - 0x00007ffb408c8000 	C:\WINDOWS\system32\napinsp.dll
0x00007ffb7a9d0000 - 0x00007ffb7aaf5000 	C:\WINDOWS\SYSTEM32\DNSAPI.dll
0x00007ffb3c910000 - 0x00007ffb3c922000 	C:\WINDOWS\System32\winrnr.dll
0x00007ffb2f770000 - 0x00007ffb2f792000 	C:\WINDOWS\system32\nlansp_c.dll
0x00007ffb562a0000 - 0x00007ffb562b6000 	C:\WINDOWS\system32\wshbth.dll
0x00007ffb6ce90000 - 0x00007ffb6ce9b000 	C:\Windows\System32\rasadhlp.dll
0x00007ffb71e60000 - 0x00007ffb71ee5000 	C:\WINDOWS\System32\fwpuclnt.dll
0x00007ffb52600000 - 0x00007ffb52607000 	C:\Program Files\Android\Android Studio\jbr\bin\rmi.dll

dbghelp: loaded successfully - version: 4.0.5 - missing functions: none
symbol engine: initialized successfully - sym options: 0x614 - pdb path: .;C:\Program Files\Android\Android Studio\jbr\bin;C:\WINDOWS\SYSTEM32;C:\WINDOWS\WinSxS\amd64_microsoft.windows.common-controls_6595b64144ccf1df_6.0.26100.3323_none_3e088096e3344490;C:\Program Files\Android\Android Studio\jbr\bin\server;C:\Users\Bhushan\.gradle\native\c067742578af261105cb4f569cf0c3c89f3d7b1fecec35dd04571415982c5e48\windows-amd64;C:\Users\Bhushan\.gradle\native\100fb08df4bc3b14c8652ba06237920a3bd2aa13389f12d3474272988ae205f9\windows-amd64;C:\Users\Bhushan\AppData\Local\Temp\native-platform16829363374893635524dir

VM Arguments:
jvm_args: --add-opens=java.base/java.util=ALL-UNNAMED --add-opens=java.base/java.lang=ALL-UNNAMED --add-opens=java.base/java.lang.invoke=ALL-UNNAMED --add-opens=java.prefs/java.util.prefs=ALL-UNNAMED --add-exports=jdk.compiler/com.sun.tools.javac.api=ALL-UNNAMED --add-exports=jdk.compiler/com.sun.tools.javac.util=ALL-UNNAMED --add-opens=java.base/java.nio.charset=ALL-UNNAMED --add-opens=java.base/java.net=ALL-UNNAMED --add-opens=java.base/java.util.concurrent.atomic=ALL-UNNAMED -Xmx2048M -Dfile.encoding=UTF-8 -Duser.country=IN -Duser.language=en -Duser.variant -javaagent:C:\Users\Bhushan\.gradle\wrapper\dists\gradle-8.9-bin\90cnw93cvbtalezasaz0blq0a\gradle-8.9\lib\agents\gradle-instrumentation-agent-8.9.jar 
java_command: org.gradle.launcher.daemon.bootstrap.GradleDaemon 8.9
java_class_path (initial): C:\Users\Bhushan\.gradle\wrapper\dists\gradle-8.9-bin\90cnw93cvbtalezasaz0blq0a\gradle-8.9\lib\gradle-daemon-main-8.9.jar
Launcher Type: SUN_STANDARD

[Global flags]
     intx CICompilerCount                          = 4                                         {product} {ergonomic}
     uint ConcGCThreads                            = 2                                         {product} {ergonomic}
     uint G1ConcRefinementThreads                  = 8                                         {product} {ergonomic}
   size_t G1HeapRegionSize                         = 1048576                                   {product} {ergonomic}
    uintx GCDrainStackTargetSize                   = 64                                        {product} {ergonomic}
   size_t InitialHeapSize                          = 268435456                                 {product} {ergonomic}
   size_t MarkStackSize                            = 4194304                                   {product} {ergonomic}
   size_t MaxHeapSize                              = 2147483648                                {product} {command line}
   size_t MaxNewSize                               = 1287651328                                {product} {ergonomic}
   size_t MinHeapDeltaBytes                        = 1048576                                   {product} {ergonomic}
   size_t MinHeapSize                              = 8388608                                   {product} {ergonomic}
    uintx NonNMethodCodeHeapSize                   = 5839372                                {pd product} {ergonomic}
    uintx NonProfiledCodeHeapSize                  = 122909434                              {pd product} {ergonomic}
    uintx ProfiledCodeHeapSize                     = 122909434                              {pd product} {ergonomic}
    uintx ReservedCodeCacheSize                    = 251658240                              {pd product} {ergonomic}
     bool SegmentedCodeCache                       = true                                      {product} {ergonomic}
   size_t SoftMaxHeapSize                          = 2147483648                             {manageable} {ergonomic}
     bool UseCompressedOops                        = true                           {product lp64_product} {ergonomic}
     bool UseG1GC                                  = true                                      {product} {ergonomic}
     bool UseLargePagesIndividualAllocation        = false                                  {pd product} {ergonomic}

Logging:
Log output configuration:
 #0: stdout all=warning uptime,level,tags foldmultilines=false
 #1: stderr all=off uptime,level,tags foldmultilines=false

Environment Variables:
PATH=C:\Program Files\Common Files\Oracle\Java\javapath;C:\WINDOWS\system32;C:\WINDOWS;C:\WINDOWS\System32\Wbem;C:\WINDOWS\System32\WindowsPowerShell\v1.0\;C:\WINDOWS\System32\OpenSSH\;C:\Program Files\Java\jdk-23\bin;C:\Program Files\Git\cmd;C:\Program Files\Git\bin;E:\flutter\bin;C:\MinGW\bin;C:\Program Files\Java\jdk-17\bin;C:\Program Files\dotnet\;C:\Users\Bhushan\AppData\Local\Microsoft\WindowsApps;C:\Users\Bhushan\AppData\Local\Programs\Microsoft VS Code\bin;C:\Users\Bhushan\AppData\Local\Muse Hub\lib
USERNAME=Bhushan
OS=Windows_NT
PROCESSOR_IDENTIFIER=Intel64 Family 6 Model 142 Stepping 11, GenuineIntel
TMP=C:\Users\Bhushan\AppData\Local\Temp
TEMP=C:\Users\Bhushan\AppData\Local\Temp




Periodic native trim disabled

JNI global refs:
JNI global refs: 28, weak refs: 0

JNI global refs memory usage: 835, weak refs: 201

Process memory usage:
Resident Set Size: 515748K (3% of 16652596K total physical memory with 5746516K free physical memory)

OOME stack traces (most recent first):
Classloader memory used:
Loader org.gradle.internal.classloader.VisitableURLClassLoader                         : 42365K
Loader bootstrap                                                                       : 33737K
Loader org.gradle.internal.classloader.VisitableURLClassLoader$InstrumentingVisitableURLClassLoader: 17489K
Loader org.gradle.initialization.MixInLegacyTypesClassLoader                           : 15678K
Loader jdk.internal.reflect.DelegatingClassLoader                                      : 1530K
Loader jdk.internal.loader.ClassLoaders$PlatformClassLoader                            : 800K
Loader jdk.internal.loader.ClassLoaders$AppClassLoader                                 : 230K
Loader org.gradle.internal.classloader.VisitableURLClassLoader                         : 162K
Loader sun.reflect.misc.MethodUtil                                                     : 2976B

Classes loaded by more than one classloader:
Class Program                                                                         : loaded 4 times (x 71B)
Class com.google.common.base.Equivalence$Identity                                     : loaded 2 times (x 79B)
Class com.google.common.collect.RegularImmutableMap$KeySet                            : loaded 2 times (x 147B)
Class org.gradle.internal.classloader.FilteringClassLoader                            : loaded 2 times (x 102B)
Class [Lcom.google.common.base.AbstractIterator$State;                                : loaded 2 times (x 66B)
Class com.google.common.base.CharMatcher$IsEither                                     : loaded 2 times (x 108B)
Class net.rubygrapefruit.platform.internal.Platform$FreeBSD64Bit                      : loaded 2 times (x 79B)
Class org.gradle.internal.classloader.ClassLoaderHierarchy                            : loaded 2 times (x 67B)
Class com.google.common.util.concurrent.ExecutionError                                : loaded 2 times (x 79B)
Class net.rubygrapefruit.platform.internal.Platform$FreeBSD                           : loaded 2 times (x 79B)
Class com.google.common.collect.ImmutableEnumSet                                      : loaded 2 times (x 143B)
Class com.google.common.collect.ImmutableList$1                                       : loaded 2 times (x 94B)
Class com.google.common.collect.AbstractMapBasedMultimap$WrappedCollection            : loaded 2 times (x 121B)
Class org.gradle.api.internal.classpath.ManifestUtil                                  : loaded 2 times (x 68B)
Class net.rubygrapefruit.platform.NativeException                                     : loaded 2 times (x 79B)
Class com.google.common.collect.RegularImmutableMap                                   : loaded 2 times (x 118B)
Class com.google.common.collect.ImmutableMap$MapViewOfValuesAsSingletonSets           : loaded 2 times (x 122B)
Class [Lorg.objectweb.asm.Symbol;                                                     : loaded 2 times (x 66B)
Class org.objectweb.asm.ClassVisitor                                                  : loaded 2 times (x 85B)
Class com.google.common.reflect.TypeCapture                                           : loaded 2 times (x 68B)
Class com.google.common.collect.UnmodifiableListIterator                              : loaded 2 times (x 92B)
Class org.objectweb.asm.MethodTooLargeException                                       : loaded 2 times (x 80B)
Class [Lcom.google.common.cache.CacheBuilder$OneWeigher;                              : loaded 2 times (x 66B)
Class com.google.common.base.Suppliers                                                : loaded 2 times (x 68B)
Class com.google.common.base.Platform$JdkPatternCompiler                              : loaded 2 times (x 72B)
Class org.gradle.internal.classloader.DefaultClassLoaderFactory                       : loaded 2 times (x 79B)
Class com.google.common.base.CharMatcher$None                                         : loaded 2 times (x 109B)
Class org.gradle.internal.classloader.ClassLoaderVisitor                              : loaded 2 times (x 73B)
Class [Lcom.google.common.collect.ImmutableMapEntry;                                  : loaded 2 times (x 66B)
Class net.rubygrapefruit.platform.NativeIntegrationUnavailableException               : loaded 2 times (x 79B)
Class net.rubygrapefruit.platform.internal.Platform                                   : loaded 2 times (x 76B)
Class org.gradle.api.internal.classpath.EffectiveClassPath                            : loaded 2 times (x 87B)
Class com.google.common.collect.ImmutableEnumMap                                      : loaded 2 times (x 122B)
Class com.google.common.collect.ListMultimap                                          : loaded 2 times (x 67B)
Class org.objectweb.asm.AnnotationVisitor                                             : loaded 2 times (x 75B)
Class com.google.common.base.Splitter                                                 : loaded 2 times (x 69B)
Class com.google.common.collect.Sets$1                                                : loaded 2 times (x 136B)
Class com.google.common.collect.ImmutableSet$SerializedForm                           : loaded 2 times (x 70B)
Class org.gradle.api.internal.DefaultClassPathProvider                                : loaded 2 times (x 73B)
Class com.google.common.collect.Sets$2                                                : loaded 2 times (x 136B)
Class [Lorg.gradle.api.internal.ClassPathProvider;                                    : loaded 2 times (x 66B)
Class org.gradle.api.internal.ClassPathProvider                                       : loaded 2 times (x 67B)
Class com.google.common.util.concurrent.AbstractFuture$SafeAtomicHelper               : loaded 2 times (x 76B)
Class com.google.common.cache.LocalCache$LocalLoadingCache                            : loaded 2 times (x 131B)
Class com.google.common.base.AbstractIterator$State                                   : loaded 2 times (x 76B)
Class com.google.common.reflect.Types$ClassOwnership$1                                : loaded 2 times (x 77B)
Class com.google.common.collect.Sets$3                                                : loaded 2 times (x 136B)
Class org.gradle.internal.service.UnknownServiceException                             : loaded 2 times (x 80B)
Class org.objectweb.asm.ModuleVisitor                                                 : loaded 2 times (x 78B)
Class com.google.common.cache.LocalCache$Strength$1                                   : loaded 2 times (x 78B)
Class com.google.common.reflect.Types$ClassOwnership$2                                : loaded 2 times (x 77B)
Class com.google.common.reflect.TypeResolver                                          : loaded 2 times (x 69B)
Class com.google.common.collect.Sets$4                                                : loaded 2 times (x 136B)
Class com.google.common.util.concurrent.SettableFuture                                : loaded 2 times (x 111B)
Class com.google.common.cache.LocalCache$Strength$2                                   : loaded 2 times (x 78B)
Class com.google.common.reflect.Types$ClassOwnership$3                                : loaded 2 times (x 68B)
Class net.rubygrapefruit.platform.internal.Platform$MacOs64Bit                        : loaded 2 times (x 79B)
Class com.google.common.cache.LocalCache$Strength$3                                   : loaded 2 times (x 78B)
Class com.google.common.base.Splitter$1                                               : loaded 2 times (x 74B)
Class net.rubygrapefruit.platform.internal.Platform$Posix                             : loaded 2 times (x 78B)
Class com.google.common.collect.MapDifference                                         : loaded 2 times (x 67B)
Class org.objectweb.asm.FieldWriter                                                   : loaded 2 times (x 75B)
Class com.google.common.cache.CacheBuilder$NullListener                               : loaded 2 times (x 79B)
Class com.google.common.reflect.Invokable                                             : loaded 2 times (x 100B)
Class org.gradle.internal.classpath.TransformedClassPath                              : loaded 2 times (x 93B)
Class com.google.common.cache.CacheLoader$FunctionToCacheLoader                       : loaded 2 times (x 72B)
Class com.google.common.reflect.Types$ParameterizedTypeImpl                           : loaded 2 times (x 78B)
Class com.google.common.collect.ImmutableCollection$Builder                           : loaded 2 times (x 73B)
Class com.google.common.collect.Iterators$ArrayItr                                    : loaded 2 times (x 94B)
Class com.google.common.base.MoreObjects                                              : loaded 2 times (x 68B)
Class com.google.common.reflect.TypeResolver$TypeVariableKey                          : loaded 2 times (x 69B)
Class com.google.common.base.Joiner                                                   : loaded 2 times (x 76B)
Class [Lorg.objectweb.asm.Type;                                                       : loaded 2 times (x 66B)
Class com.google.common.collect.Platform                                              : loaded 2 times (x 68B)
Class com.google.common.collect.UnmodifiableIterator                                  : loaded 2 times (x 77B)
Class org.gradle.internal.service.ServiceLocator                                      : loaded 2 times (x 67B)
Class com.google.common.base.Ascii                                                    : loaded 2 times (x 68B)
Class com.google.common.cache.LocalCache$1                                            : loaded 2 times (x 86B)
Class com.google.common.collect.SingletonImmutableBiMap                               : loaded 2 times (x 140B)
Class com.google.common.collect.AbstractMapEntry                                      : loaded 2 times (x 78B)
Class com.google.common.cache.LocalCache$2                                            : loaded 2 times (x 139B)
Class com.google.common.collect.ImmutableList$Builder                                 : loaded 2 times (x 74B)
Class com.google.common.reflect.TypeToken$SimpleTypeToken                             : loaded 2 times (x 70B)
Class com.google.common.collect.AbstractMultimap                                      : loaded 2 times (x 120B)
Class com.google.common.util.concurrent.AbstractFuture$UnsafeAtomicHelper$1           : loaded 2 times (x 73B)
Class com.google.common.collect.RegularImmutableAsList                                : loaded 2 times (x 213B)
Class com.google.common.util.concurrent.AbstractFuture$Trusted                        : loaded 2 times (x 67B)
Class com.google.common.base.CharMatcher$RangesMatcher                                : loaded 2 times (x 109B)
Class com.google.common.collect.Iterators                                             : loaded 2 times (x 68B)
Class org.gradle.kotlin.dsl.VersionCatalogAccessorsKt                                 : loaded 2 times (x 68B)
Class com.google.common.util.concurrent.UncheckedExecutionException                   : loaded 2 times (x 79B)
Class net.rubygrapefruit.platform.internal.Platform$Linux32Bit                        : loaded 2 times (x 80B)
Class com.google.common.collect.Lists$StringAsImmutableList                           : loaded 2 times (x 204B)
Class com.google.common.base.CharMatcher$JavaLetterOrDigit                            : loaded 2 times (x 108B)
Class net.rubygrapefruit.platform.Native                                              : loaded 2 times (x 68B)
Class net.rubygrapefruit.platform.NativeIntegration                                   : loaded 2 times (x 67B)
Class org.gradle.internal.InternalTransformer                                         : loaded 2 times (x 67B)
Class org.objectweb.asm.ClassWriter                                                   : loaded 2 times (x 103B)
Class com.google.common.cache.CacheLoader$UnsupportedLoadingOperationException        : loaded 2 times (x 79B)
Class com.google.common.base.CharMatcher$And                                          : loaded 2 times (x 109B)
Class [Lnet.rubygrapefruit.platform.internal.FunctionResult$Failure;                  : loaded 2 times (x 66B)
Class org.gradle.internal.classloader.ClasspathUtil$1                                 : loaded 2 times (x 73B)
Class org.objectweb.asm.FieldVisitor                                                  : loaded 2 times (x 74B)
Class com.google.common.collect.IndexedImmutableSet                                   : loaded 2 times (x 147B)
Class com.google.common.collect.ImmutableMap$1                                        : loaded 2 times (x 78B)
Class com.google.common.collect.BiMap                                                 : loaded 2 times (x 67B)
Class org.gradle.api.internal.classpath.DefaultModuleRegistry$DefaultModule           : loaded 2 times (x 83B)
Class com.google.common.primitives.Ints                                               : loaded 2 times (x 68B)
Class com.google.common.reflect.Reflection                                            : loaded 2 times (x 68B)
Class com.google.common.collect.AbstractIterator                                      : loaded 2 times (x 79B)
Class com.google.common.math.MathPreconditions                                        : loaded 2 times (x 68B)
Class com.google.common.collect.ObjectArrays                                          : loaded 2 times (x 68B)
Class com.google.common.collect.AbstractIndexedListIterator                           : loaded 2 times (x 93B)
Class com.google.common.collect.ArrayListMultimapGwtSerializationDependencies         : loaded 2 times (x 169B)
Class com.google.common.collect.Multiset                                              : loaded 2 times (x 67B)
Class com.google.common.collect.ImmutableMapEntrySet                                  : loaded 2 times (x 148B)
Class org.gradle.api.internal.classpath.Module                                        : loaded 2 times (x 67B)
Class com.google.common.cache.Weigher                                                 : loaded 2 times (x 67B)
Class org.gradle.api.internal.classpath.UnknownModuleException                        : loaded 2 times (x 79B)
Class com.google.common.base.Stopwatch                                                : loaded 2 times (x 69B)
Class com.google.common.cache.LocalCache$Strength                                     : loaded 2 times (x 78B)
Class com.google.common.cache.Cache                                                   : loaded 2 times (x 67B)
Class com.google.common.util.concurrent.AbstractFuture$Cancellation                   : loaded 2 times (x 69B)
Class com.google.common.base.NullnessCasts                                            : loaded 2 times (x 68B)
Class com.google.common.collect.ImmutableMap$Builder                                  : loaded 2 times (x 79B)
Class com.google.common.cache.RemovalListener                                         : loaded 2 times (x 67B)
Class net.rubygrapefruit.platform.internal.FunctionResult                             : loaded 2 times (x 74B)
Class org.gradle.api.internal.DefaultClassPathRegistry                                : loaded 2 times (x 73B)
Class com.google.common.primitives.IntsMethodsForWeb                                  : loaded 2 times (x 68B)
Class com.google.common.reflect.Invokable$ConstructorInvokable                        : loaded 2 times (x 104B)
Class net.rubygrapefruit.platform.NativeIntegrationLinkageException                   : loaded 2 times (x 79B)
Class com.google.common.collect.Multimap                                              : loaded 2 times (x 67B)
Class org.gradle.api.internal.ClassPathRegistry                                       : loaded 2 times (x 67B)
Class org.gradle.internal.classpath.DefaultClassPath$ImmutableUniqueList              : loaded 2 times (x 196B)
Class com.google.common.reflect.TypeToken                                             : loaded 2 times (x 70B)
Class com.google.common.base.PairwiseEquivalence                                      : loaded 2 times (x 80B)
Class Settings_gradle$1                                                               : loaded 2 times (x 71B)
Class com.google.common.cache.CacheBuilder                                            : loaded 2 times (x 69B)
Class net.rubygrapefruit.platform.internal.jni.NativeLibraryFunctions                 : loaded 2 times (x 68B)
Class com.google.common.collect.SingletonImmutableList                                : loaded 2 times (x 204B)
Class org.gradle.internal.classpath.ClassPath                                         : loaded 2 times (x 67B)
Class org.gradle.api.UncheckedIOException                                             : loaded 2 times (x 79B)
Class com.google.common.base.JdkPattern                                               : loaded 2 times (x 72B)
Class [Lcom.google.common.reflect.Types$JavaVersion;                                  : loaded 2 times (x 66B)
Class com.google.common.collect.ImmutableList$ReverseImmutableList                    : loaded 2 times (x 205B)
Class org.objectweb.asm.SymbolTable$Entry                                             : loaded 2 times (x 71B)
Class com.google.common.util.concurrent.AbstractFuture$AtomicHelper                   : loaded 2 times (x 75B)
Class net.rubygrapefruit.platform.internal.Platform$Windows                           : loaded 2 times (x 76B)
Class org.objectweb.asm.Edge                                                          : loaded 2 times (x 69B)
Class com.google.common.base.Suppliers$SupplierOfInstance                             : loaded 2 times (x 76B)
Class com.google.common.collect.Iterators$1                                           : loaded 2 times (x 78B)
Class com.google.common.cache.LocalCache$ComputingValueReference                      : loaded 2 times (x 93B)
Class com.google.common.reflect.TypeToken$1                                           : loaded 2 times (x 107B)
Class com.google.common.collect.ImmutableMap$IteratorBasedImmutableMap                : loaded 2 times (x 122B)
Class com.google.common.collect.SingletonImmutableSet                                 : loaded 2 times (x 143B)
Class com.google.common.cache.LocalCache$Segment                                      : loaded 2 times (x 151B)
Class com.google.common.reflect.TypeToken$2                                           : loaded 2 times (x 107B)
Class [Lorg.objectweb.asm.SymbolTable$Entry;                                          : loaded 2 times (x 66B)
Class com.google.common.cache.CacheLoader                                             : loaded 2 times (x 71B)
Class net.rubygrapefruit.platform.internal.LibraryDef                                 : loaded 2 times (x 69B)
Class com.google.common.collect.Iterators$4                                           : loaded 2 times (x 79B)
Class com.google.common.collect.ImmutableBiMap                                        : loaded 2 times (x 140B)
Class com.google.common.collect.AbstractListMultimap                                  : loaded 2 times (x 169B)
Class org.gradle.internal.installation.GradleInstallation$1                           : loaded 2 times (x 72B)
Class org.gradle.api.internal.classpath.ModuleRegistry                                : loaded 2 times (x 67B)
Class com.google.common.util.concurrent.internal.InternalFutureFailureAccess          : loaded 2 times (x 69B)
Class com.google.common.base.Splitter$SplittingIterator                               : loaded 2 times (x 81B)
Class com.google.common.collect.ImmutableSet$JdkBackedSetBuilderImpl                  : loaded 2 times (x 73B)
Class com.google.common.collect.Iterators$5                                           : loaded 2 times (x 79B)
Class com.google.common.util.concurrent.AbstractFuture$UnsafeAtomicHelper             : loaded 2 times (x 75B)
Class com.google.common.cache.LocalCache$LocalManualCache$1                           : loaded 2 times (x 72B)
Class com.google.common.base.CharMatcher$ForPredicate                                 : loaded 2 times (x 109B)
Class com.google.common.base.CharMatcher$AnyOf                                        : loaded 2 times (x 109B)
Class net.rubygrapefruit.platform.internal.Platform$Window32Bit                       : loaded 2 times (x 76B)
Class com.google.common.collect.ImmutableCollection                                   : loaded 2 times (x 122B)
Class org.gradle.api.internal.classpath.DefaultModuleRegistry                         : loaded 2 times (x 80B)
Class com.google.common.util.concurrent.ListenableFuture                              : loaded 2 times (x 67B)
Class com.google.common.cache.ReferenceEntry                                          : loaded 2 times (x 67B)
Class com.google.common.base.CharMatcher$Any                                          : loaded 2 times (x 109B)
Class com.google.common.collect.Lists                                                 : loaded 2 times (x 68B)
Class com.google.common.base.Converter                                                : loaded 2 times (x 87B)
Class com.google.common.collect.ImmutableSet$CachingAsList                            : loaded 2 times (x 144B)
Class com.google.common.util.concurrent.AbstractFuture                                : loaded 2 times (x 103B)
Class com.google.common.base.FunctionalEquivalence                                    : loaded 2 times (x 80B)
Class com.google.common.collect.Iterators$9                                           : loaded 2 times (x 78B)
Class com.google.common.collect.AbstractMapBasedMultimap                              : loaded 2 times (x 136B)
Class com.google.common.collect.ImmutableAsList                                       : loaded 2 times (x 206B)
Class org.objectweb.asm.RecordComponentVisitor                                        : loaded 2 times (x 74B)
Class com.google.common.cache.CacheLoader$SupplierToCacheLoader                       : loaded 2 times (x 72B)
Class com.google.common.reflect.TypeResolver$TypeTable                                : loaded 2 times (x 70B)
Class com.google.common.reflect.TypeResolver$TypeTable$1                              : loaded 2 times (x 70B)
Class com.google.common.collect.Maps$EntryTransformer                                 : loaded 2 times (x 67B)
Class org.gradle.internal.service.ServiceLookupException                              : loaded 2 times (x 79B)
Class [Lcom.google.common.cache.LocalCache$EntryFactory;                              : loaded 2 times (x 66B)
Class com.google.common.base.CharMatcher$JavaLetter                                   : loaded 2 times (x 108B)
Class org.gradle.internal.classloader.ClassLoaderFactory                              : loaded 2 times (x 67B)
Class com.google.common.cache.LocalCache$LocalManualCache                             : loaded 2 times (x 96B)
Class com.google.common.base.CharMatcher$IsNot                                        : loaded 2 times (x 108B)
Class com.google.common.base.CommonPattern                                            : loaded 2 times (x 71B)
Class net.rubygrapefruit.platform.internal.Platform$Linux                             : loaded 2 times (x 80B)
Class com.google.common.collect.ImmutableMap$SerializedForm                           : loaded 2 times (x 70B)
Class org.gradle.internal.service.CachingServiceLocator                               : loaded 2 times (x 79B)
Class com.google.common.math.IntMath                                                  : loaded 2 times (x 68B)
Class com.google.common.base.CharMatcher$JavaDigit                                    : loaded 2 times (x 108B)
Class com.google.common.reflect.Types$TypeVariableInvocationHandler                   : loaded 2 times (x 72B)
Class com.google.common.collect.Iterators$10                                          : loaded 2 times (x 78B)
Class com.google.common.collect.ImmutableMapEntry                                     : loaded 2 times (x 82B)
Class com.google.common.base.Equivalence                                              : loaded 2 times (x 79B)
Class com.google.common.collect.ImmutableMapEntry$NonTerminalImmutableMapEntry        : loaded 2 times (x 82B)
Class com.google.common.base.Function                                                 : loaded 2 times (x 67B)
Class com.google.common.cache.CacheBuilder$OneWeigher                                 : loaded 2 times (x 79B)
Class com.google.common.collect.RegularImmutableList                                  : loaded 2 times (x 209B)
Class com.google.common.reflect.Types$ClassOwnership$1LocalClass                      : loaded 2 times (x 68B)
Class net.rubygrapefruit.platform.internal.Platform$Unsupported                       : loaded 2 times (x 76B)
Class net.rubygrapefruit.platform.internal.Platform$FreeBSD32Bit                      : loaded 2 times (x 79B)
Class com.google.common.collect.ImmutableBiMapFauxverideShim                          : loaded 2 times (x 117B)
Class org.gradle.internal.classloader.ClasspathUtil                                   : loaded 2 times (x 68B)
Class com.google.common.base.Charsets                                                 : loaded 2 times (x 68B)
Class com.google.common.util.concurrent.Uninterruptibles                              : loaded 2 times (x 68B)
Class net.rubygrapefruit.platform.internal.Platform$Unix                              : loaded 2 times (x 79B)
Class com.google.common.base.CharMatcher$JavaUpperCase                                : loaded 2 times (x 108B)
Class com.google.common.collect.Maps                                                  : loaded 2 times (x 68B)
Class org.gradle.api.specs.Spec                                                       : loaded 2 times (x 67B)
Class com.google.common.reflect.Types$JavaVersion                                     : loaded 2 times (x 80B)
Class [Lcom.google.common.collect.ImmutableEntry;                                     : loaded 2 times (x 66B)
Class com.google.common.cache.LocalCache$LoadingValueReference                        : loaded 2 times (x 93B)
Class Build_gradle$1                                                                  : loaded 2 times (x 75B)
Class com.google.common.base.Platform                                                 : loaded 2 times (x 68B)
Class com.google.common.reflect.Invokable$MethodInvokable                             : loaded 2 times (x 104B)
Class com.google.common.primitives.Ints$IntConverter                                  : loaded 2 times (x 87B)
Class com.google.common.collect.Maps$8                                                : loaded 2 times (x 79B)
Class com.google.common.cache.LocalCache$StrongValueReference                         : loaded 2 times (x 87B)
Class com.google.common.util.concurrent.AbstractFuture$SynchronizedHelper             : loaded 2 times (x 75B)
Class com.google.common.base.CharMatcher$Invisible                                    : loaded 2 times (x 109B)
Class com.google.common.collect.Sets$SetView                                          : loaded 2 times (x 135B)
Class org.objectweb.asm.Type                                                          : loaded 2 times (x 69B)
Class org.gradle.internal.classloader.VisitableURLClassLoader$InstrumentingVisitableURLClassLoader: loaded 2 times (x 120B)
Class org.objectweb.asm.ByteVector                                                    : loaded 2 times (x 76B)
Class [Lcom.google.common.cache.CacheBuilder$NullListener;                            : loaded 2 times (x 66B)
Class com.google.common.math.IntMath$1                                                : loaded 2 times (x 68B)
Class org.gradle.internal.classloader.VisitableURLClassLoader$Spec                    : loaded 2 times (x 71B)
Class org.gradle.internal.classpath.DefaultClassPath                                  : loaded 2 times (x 87B)
Class org.objectweb.asm.Symbol                                                        : loaded 2 times (x 70B)
Class com.google.common.base.AbstractIterator                                         : loaded 2 times (x 77B)
Class com.google.common.reflect.Types$ClassOwnership                                  : loaded 2 times (x 77B)
Class com.google.common.base.CharMatcher$Ascii                                        : loaded 2 times (x 109B)
Class com.google.common.base.CharMatcher$BitSetMatcher                                : loaded 2 times (x 109B)
Class com.google.common.collect.RegularImmutableMap$Values                            : loaded 2 times (x 204B)
Class com.google.common.collect.ImmutableSet                                          : loaded 2 times (x 142B)
Class org.gradle.internal.classloader.ClassLoaderSpec                                 : loaded 2 times (x 68B)
Class org.objectweb.asm.AnnotationWriter                                              : loaded 2 times (x 76B)
Class com.google.common.cache.CacheStats                                              : loaded 2 times (x 68B)
Class net.rubygrapefruit.platform.internal.Platform$MacOs32Bit                        : loaded 2 times (x 79B)
Class net.rubygrapefruit.platform.internal.Platform$Linux64Bit                        : loaded 2 times (x 80B)
Class Settings_gradle$1$1                                                             : loaded 2 times (x 71B)
Class org.objectweb.asm.RecordComponentWriter                                         : loaded 2 times (x 75B)
Class com.google.common.util.concurrent.AbstractFuture$Listener                       : loaded 2 times (x 69B)
Class com.google.common.base.CharMatcher$Or                                           : loaded 2 times (x 109B)
Class org.objectweb.asm.Attribute                                                     : loaded 2 times (x 74B)
Class com.google.common.base.Supplier                                                 : loaded 2 times (x 67B)
Class org.gradle.internal.classloader.VisitableURLClassLoader                         : loaded 2 times (x 114B)
Class Settings_gradle                                                                 : loaded 2 times (x 125B)
Class com.google.common.util.concurrent.AbstractFuture$Waiter                         : loaded 2 times (x 69B)
Class net.rubygrapefruit.platform.internal.FunctionResult$Failure                     : loaded 2 times (x 76B)
Class net.rubygrapefruit.platform.internal.NativeLibraryLoader                        : loaded 2 times (x 70B)
Class com.google.common.collect.ImmutableList$SerializedForm                          : loaded 2 times (x 70B)
Class org.gradle.internal.Cast                                                        : loaded 2 times (x 68B)
Class org.gradle.api.Action                                                           : loaded 2 times (x 67B)
Class org.objectweb.asm.Handler                                                       : loaded 2 times (x 69B)
Class com.google.common.base.Ticker                                                   : loaded 2 times (x 69B)
Class com.google.common.base.CharMatcher$FastMatcher                                  : loaded 2 times (x 108B)
Class com.google.common.base.Strings                                                  : loaded 2 times (x 68B)
Class com.google.common.collect.Sets                                                  : loaded 2 times (x 68B)
Class org.gradle.internal.agents.InstrumentingClassLoader                             : loaded 2 times (x 67B)
Class [Lcom.google.common.cache.LocalCache$Segment;                                   : loaded 2 times (x 66B)
Class [Lcom.google.common.cache.LocalCache$Strength;                                  : loaded 2 times (x 66B)
Class com.google.common.cache.CacheBuilder$1                                          : loaded 2 times (x 82B)
Class com.google.common.base.Predicate                                                : loaded 2 times (x 67B)
Class com.google.common.collect.ImmutableMap                                          : loaded 2 times (x 117B)
Class org.gradle.internal.classpath.DefaultClassPath$ImmutableUniqueList$Builder      : loaded 2 times (x 72B)
Class com.google.common.cache.LocalCache                                              : loaded 2 times (x 184B)
Class com.google.common.cache.CacheBuilder$2                                          : loaded 2 times (x 69B)
Class com.google.common.base.CharMatcher$NegatedFastMatcher                           : loaded 2 times (x 110B)
Class com.google.common.base.AbstractIterator$1                                       : loaded 2 times (x 68B)
Class com.google.common.base.CharMatcher$Digit                                        : loaded 2 times (x 109B)
Class [Lcom.google.common.collect.AbstractMapEntry;                                   : loaded 2 times (x 66B)
Class com.google.common.collect.ImmutableEntry                                        : loaded 2 times (x 79B)
Class com.google.common.collect.ArrayListMultimap                                     : loaded 2 times (x 169B)
Class org.gradle.api.GradleException                                                  : loaded 2 times (x 79B)
Class com.google.common.base.CharMatcher$JavaIsoControl                               : loaded 2 times (x 109B)
Class com.google.common.collect.CollectPreconditions                                  : loaded 2 times (x 68B)
Class com.google.common.base.CharMatcher$JavaLowerCase                                : loaded 2 times (x 108B)
Class com.google.common.collect.SortedMapDifference                                   : loaded 2 times (x 67B)
Class com.google.common.cache.LocalCache$EntryFactory                                 : loaded 2 times (x 80B)
Class net.rubygrapefruit.platform.internal.NativeLibraryLocator                       : loaded 2 times (x 70B)
Class net.rubygrapefruit.platform.Process                                             : loaded 2 times (x 67B)
Class com.google.common.cache.LocalCache$AbstractReferenceEntry                       : loaded 2 times (x 104B)
Class com.google.common.base.Splitter$1$1                                             : loaded 2 times (x 83B)
Class com.google.common.base.CharMatcher$Whitespace                                   : loaded 2 times (x 109B)
Class com.google.common.reflect.Types$NativeTypeVariableEquals                        : loaded 2 times (x 68B)
Class com.google.common.reflect.TypeParameter                                         : loaded 2 times (x 69B)
Class org.gradle.internal.IoActions                                                   : loaded 2 times (x 68B)
Class org.objectweb.asm.SymbolTable                                                   : loaded 2 times (x 69B)
Class com.google.common.cache.CacheLoader$InvalidCacheLoadException                   : loaded 2 times (x 79B)
Class com.google.common.base.CharMatcher$SingleWidth                                  : loaded 2 times (x 109B)
Class com.google.common.collect.ImmutableSet$RegularSetBuilderImpl                    : loaded 2 times (x 74B)
Class org.gradle.internal.classloader.SystemClassLoaderSpec                           : loaded 2 times (x 68B)
Class com.google.common.cache.LocalCache$StrongEntry                                  : loaded 2 times (x 105B)
Class com.google.common.util.concurrent.AbstractFuture$TrustedFuture                  : loaded 2 times (x 111B)
Class com.google.common.cache.LoadingCache                                            : loaded 2 times (x 67B)
Class org.objectweb.asm.MethodWriter                                                  : loaded 2 times (x 103B)
Class [Lcom.google.common.cache.Weigher;                                              : loaded 2 times (x 66B)
Class net.rubygrapefruit.platform.ProcessLauncher                                     : loaded 2 times (x 67B)
Class com.google.common.collect.RegularImmutableMap$BucketOverflowException           : loaded 2 times (x 79B)
Class com.google.common.cache.LocalCache$ValueReference                               : loaded 2 times (x 67B)
Class com.google.common.base.CharMatcher$Is                                           : loaded 2 times (x 108B)
Class com.google.common.base.CharMatcher$Negated                                      : loaded 2 times (x 110B)
Class com.google.common.reflect.Types$JavaVersion$1                                   : loaded 2 times (x 80B)
Class com.google.common.collect.RegularImmutableBiMap                                 : loaded 2 times (x 145B)
Class com.google.common.util.concurrent.AbstractFuture$Failure                        : loaded 2 times (x 69B)
Class com.google.common.base.Equivalence$Equals                                       : loaded 2 times (x 79B)
Class com.google.common.base.PatternCompiler                                          : loaded 2 times (x 67B)
Class com.google.common.reflect.Types$JavaVersion$2                                   : loaded 2 times (x 80B)
Class com.google.common.reflect.Types                                                 : loaded 2 times (x 68B)
Class com.google.common.collect.Hashing                                               : loaded 2 times (x 68B)
Class com.google.common.base.Preconditions                                            : loaded 2 times (x 68B)
Class org.objectweb.asm.Label                                                         : loaded 2 times (x 70B)
Class org.objectweb.asm.CurrentFrame                                                  : loaded 2 times (x 70B)
Class org.objectweb.asm.ClassTooLargeException                                        : loaded 2 times (x 80B)
Class com.google.common.base.CharMatcher                                              : loaded 2 times (x 108B)
Class com.google.common.reflect.Types$JavaVersion$3                                   : loaded 2 times (x 80B)
Class com.google.common.base.Joiner$1                                                 : loaded 2 times (x 77B)
Class com.google.common.collect.PeekingIterator                                       : loaded 2 times (x 67B)
Class org.objectweb.asm.Frame                                                         : loaded 2 times (x 70B)
Class org.objectweb.asm.MethodVisitor                                                 : loaded 2 times (x 102B)
Class com.google.common.cache.LocalCache$EntryFactory$1                               : loaded 2 times (x 80B)
Class [Lcom.google.common.cache.RemovalListener;                                      : loaded 2 times (x 66B)
Class com.google.common.base.CharMatcher$NamedFastMatcher                             : loaded 2 times (x 109B)
Class com.google.common.base.CharMatcher$1                                            : loaded 2 times (x 110B)
Class com.google.common.reflect.Types$JavaVersion$4                                   : loaded 2 times (x 80B)
Class com.google.common.base.Joiner$2                                                 : loaded 2 times (x 76B)
Class com.google.common.cache.LocalCache$EntryFactory$2                               : loaded 2 times (x 80B)
Class com.google.common.reflect.Types$JavaVersion$5                                   : loaded 2 times (x 68B)
Class [Lcom.google.common.reflect.Types$ClassOwnership;                               : loaded 2 times (x 66B)
Class org.objectweb.asm.ModuleWriter                                                  : loaded 2 times (x 79B)
Class com.google.common.cache.LocalCache$EntryFactory$3                               : loaded 2 times (x 80B)
Class com.google.common.base.Ticker$1                                                 : loaded 2 times (x 69B)
Class com.google.common.collect.ImmutableMapEntrySet$RegularEntrySet                  : loaded 2 times (x 148B)
Class com.google.common.collect.Maps$BiMapConverter                                   : loaded 2 times (x 87B)
Class com.google.common.cache.LocalCache$EntryFactory$4                               : loaded 2 times (x 80B)
Class com.google.common.base.CharMatcher$InRange                                      : loaded 2 times (x 108B)
Class com.google.common.collect.ImmutableSet$Builder                                  : loaded 2 times (x 82B)
Class net.rubygrapefruit.platform.internal.Platform$MacOs                             : loaded 2 times (x 79B)
Class net.rubygrapefruit.platform.internal.Platform$Window64Bit                       : loaded 2 times (x 76B)
Class com.google.common.cache.LocalCache$EntryFactory$5                               : loaded 2 times (x 80B)
Class Build_gradle                                                                    : loaded 2 times (x 69B)
Class com.google.common.cache.LocalCache$EntryFactory$6                               : loaded 2 times (x 80B)
Class org.gradle.internal.installation.CurrentGradleInstallationLocator               : loaded 2 times (x 68B)
Class com.google.common.cache.LocalCache$EntryFactory$7                               : loaded 2 times (x 80B)
Class com.google.common.collect.ImmutableSet$EmptySetBuilderImpl                      : loaded 2 times (x 73B)
Class com.google.common.collect.ImmutableList                                         : loaded 2 times (x 203B)
Class org.gradle.internal.service.DefaultServiceLocator                               : loaded 2 times (x 80B)
Class com.google.common.cache.LocalCache$EntryFactory$8                               : loaded 2 times (x 80B)
Class com.google.common.collect.ImmutableSet$SetBuilderImpl                           : loaded 2 times (x 73B)
Class org.gradle.internal.installation.CurrentGradleInstallation                      : loaded 2 times (x 70B)
Class com.google.common.cache.CacheLoader$1                                           : loaded 2 times (x 72B)
Class com.google.common.collect.ForwardingObject                                      : loaded 2 times (x 69B)
Class com.google.common.collect.ImmutableList$SubList                                 : loaded 2 times (x 205B)
Class org.gradle.util.internal.GUtil                                                  : loaded 2 times (x 68B)
Class com.google.common.util.concurrent.AbstractFuture$SetFuture                      : loaded 2 times (x 72B)
Class com.google.common.cache.AbstractCache$StatsCounter                              : loaded 2 times (x 67B)
Class com.google.common.reflect.Types$TypeVariableImpl                                : loaded 2 times (x 69B)
Class com.google.common.collect.Iterators$MergingIterator                             : loaded 2 times (x 78B)
Class com.google.common.collect.RegularImmutableSet                                   : loaded 2 times (x 145B)
Class org.gradle.internal.installation.GradleInstallation                             : loaded 2 times (x 72B)
Class com.google.common.collect.Iterables                                             : loaded 2 times (x 68B)
Class com.google.common.base.Splitter$Strategy                                        : loaded 2 times (x 67B)

---------------  S Y S T E M  ---------------

OS:
 Windows 11 , 64 bit Build 26100 (10.0.26100.3323)
OS uptime: 0 days 0:43 hours
Hyper-V role detected

CPU: total 8 (initial active 8) (4 cores per cpu, 2 threads per core) family 6 model 142 stepping 11 microcode 0xf4, cx8, cmov, fxsr, ht, mmx, 3dnowpref, sse, sse2, sse3, ssse3, sse4.1, sse4.2, popcnt, lzcnt, tsc, tscinvbit, avx, avx2, aes, erms, clmul, bmi1, bmi2, adx, fma, vzeroupper, clflush, clflushopt, hv, rdtscp, f16c
Processor Information for all 8 processors :
  Max Mhz: 1800, Current Mhz: 1600, Mhz Limit: 1584

Memory: 4k page, system-wide physical 16262M (5611M free)
TotalPageFile size 20614M (AvailPageFile size 10753M)
current process WorkingSet (physical memory assigned to process): 503M, peak: 503M
current process commit charge ("private bytes"): 536M, peak: 537M

vm_info: OpenJDK 64-Bit Server VM (21.0.3+-12282718-b509.11) for windows-amd64 JRE (21.0.3+-12282718-b509.11), built on 2024-08-27T17:34:15Z by "builder" with MS VC++ 16.10 / 16.11 (VS2019)

END.
